hospital_id,ward,date,forecast_occupied_beds
HHN-BIR-01,Cardiology Ward,2026-01-01,16.26
HHN-BIR-01,Cardiology Ward,2026-01-02,18.12
HHN-BIR-01,Cardiology Ward,2026-01-03,18.37
HHN-BIR-01,Cardiology Ward,2026-01-04,16.55
HHN-BIR-01,Cardiology Ward,2026-01-05,16.58
HHN-BIR-01,Cardiology Ward,2026-01-06,19.16
HHN-BIR-01,Cardiology Ward,2026-01-07,21.21
HHN-BIR-01,Cardiology Ward,2026-01-08,22.16
HHN-BIR-01,Cardiology Ward,2026-01-09,22.1
HHN-BIR-01,Cardiology Ward,2026-01-10,21.06
HHN-BIR-01,Cardiology Ward,2026-01-11,18.35
HHN-BIR-01,Cardiology Ward,2026-01-12,17.79
HHN-BIR-01,Cardiology Ward,2026-01-13,19.98
HHN-BIR-01,Cardiology Ward,2026-01-14,21.75
HHN-BIR-01,Cardiology Ward,2026-01-15,22.53
HHN-BIR-01,Cardiology Ward,2026-01-16,22.34
HHN-BIR-01,Cardiology Ward,2026-01-17,21.22
HHN-BIR-01,Cardiology Ward,2026-01-18,18.45
HHN-BIR-01,Cardiology Ward,2026-01-19,17.86
HHN-BIR-01,Cardiology Ward,2026-01-20,20.02
HHN-BIR-01,Cardiology Ward,2026-01-21,21.78
HHN-BIR-01,Cardiology Ward,2026-01-22,22.55
HHN-BIR-01,Cardiology Ward,2026-01-23,22.35
HHN-BIR-01,Cardiology Ward,2026-01-24,21.23
HHN-BIR-01,Cardiology Ward,2026-01-25,18.45
HHN-BIR-01,Cardiology Ward,2026-01-26,17.85
HHN-BIR-01,Cardiology Ward,2026-01-27,20.02
HHN-BIR-01,Cardiology Ward,2026-01-28,21.78
HHN-BIR-01,Cardiology Ward,2026-01-29,22.54
HHN-BIR-01,Cardiology Ward,2026-01-30,22.35
HHN-BIR-01,Day Case Unit,2026-01-01,0.07
HHN-BIR-01,Day Case Unit,2026-01-02,0.07
HHN-BIR-01,Day Case Unit,2026-01-03,0.17
HHN-BIR-01,Day Case Unit,2026-01-04,0.14
HHN-BIR-01,Day Case Unit,2026-01-05,0.08
HHN-BIR-01,Day Case Unit,2026-01-06,0.08
HHN-BIR-01,Day Case Unit,2026-01-07,0.08
HHN-BIR-01,Day Case Unit,2026-01-08,0.07
HHN-BIR-01,Day Case Unit,2026-01-09,0.07
HHN-BIR-01,Day Case Unit,2026-01-10,0.16
HHN-BIR-01,Day Case Unit,2026-01-11,0.16
HHN-BIR-01,Day Case Unit,2026-01-12,0.08
HHN-BIR-01,Day Case Unit,2026-01-13,0.08
HHN-BIR-01,Day Case Unit,2026-01-14,0.07
HHN-BIR-01,Day Case Unit,2026-01-15,0.07
HHN-BIR-01,Day Case Unit,2026-01-16,0.07
HHN-BIR-01,Day Case Unit,2026-01-17,0.16
HHN-BIR-01,Day Case Unit,2026-01-18,0.16
HHN-BIR-01,Day Case Unit,2026-01-19,0.08
HHN-BIR-01,Day Case Unit,2026-01-20,0.08
HHN-BIR-01,Day Case Unit,2026-01-21,0.07
HHN-BIR-01,Day Case Unit,2026-01-22,0.07
HHN-BIR-01,Day Case Unit,2026-01-23,0.07
HHN-BIR-01,Day Case Unit,2026-01-24,0.16
HHN-BIR-01,Day Case Unit,2026-01-25,0.16
HHN-BIR-01,Day Case Unit,2026-01-26,0.08
HHN-BIR-01,Day Case Unit,2026-01-27,0.08
HHN-BIR-01,Day Case Unit,2026-01-28,0.07
HHN-BIR-01,Day Case Unit,2026-01-29,0.07
HHN-BIR-01,Day Case Unit,2026-01-30,0.07
HHN-BIR-01,General Medicine Ward A,2026-01-01,15.1
HHN-BIR-01,General Medicine Ward A,2026-01-02,14.56
HHN-BIR-01,General Medicine Ward A,2026-01-03,14.5
HHN-BIR-01,General Medicine Ward A,2026-01-04,14.26
HHN-BIR-01,General Medicine Ward A,2026-01-05,13.67
HHN-BIR-01,General Medicine Ward A,2026-01-06,13.57
HHN-BIR-01,General Medicine Ward A,2026-01-07,13.49
HHN-BIR-01,General Medicine Ward A,2026-01-08,13.44
HHN-BIR-01,General Medicine Ward A,2026-01-09,13.4
HHN-BIR-01,General Medicine Ward A,2026-01-10,13.69
HHN-BIR-01,General Medicine Ward A,2026-01-11,13.69
HHN-BIR-01,General Medicine Ward A,2026-01-12,13.26
HHN-BIR-01,General Medicine Ward A,2026-01-13,13.26
HHN-BIR-01,General Medicine Ward A,2026-01-14,13.27
HHN-BIR-01,General Medicine Ward A,2026-01-15,13.28
HHN-BIR-01,General Medicine Ward A,2026-01-16,13.29
HHN-BIR-01,General Medicine Ward A,2026-01-17,13.62
HHN-BIR-01,General Medicine Ward A,2026-01-18,13.63
HHN-BIR-01,General Medicine Ward A,2026-01-19,13.22
HHN-BIR-01,General Medicine Ward A,2026-01-20,13.23
HHN-BIR-01,General Medicine Ward A,2026-01-21,13.25
HHN-BIR-01,General Medicine Ward A,2026-01-22,13.26
HHN-BIR-01,General Medicine Ward A,2026-01-23,13.28
HHN-BIR-01,General Medicine Ward A,2026-01-24,13.61
HHN-BIR-01,General Medicine Ward A,2026-01-25,13.63
HHN-BIR-01,General Medicine Ward A,2026-01-26,13.22
HHN-BIR-01,General Medicine Ward A,2026-01-27,13.23
HHN-BIR-01,General Medicine Ward A,2026-01-28,13.25
HHN-BIR-01,General Medicine Ward A,2026-01-29,13.26
HHN-BIR-01,General Medicine Ward A,2026-01-30,13.28
HHN-BIR-01,General Medicine Ward B,2026-01-01,15.75
HHN-BIR-01,General Medicine Ward B,2026-01-02,15.14
HHN-BIR-01,General Medicine Ward B,2026-01-03,14.57
HHN-BIR-01,General Medicine Ward B,2026-01-04,14.53
HHN-BIR-01,General Medicine Ward B,2026-01-05,14.79
HHN-BIR-01,General Medicine Ward B,2026-01-06,14.69
HHN-BIR-01,General Medicine Ward B,2026-01-07,14.62
HHN-BIR-01,General Medicine Ward B,2026-01-08,14.54
HHN-BIR-01,General Medicine Ward B,2026-01-09,14.45
HHN-BIR-01,General Medicine Ward B,2026-01-10,14.12
HHN-BIR-01,General Medicine Ward B,2026-01-11,14.12
HHN-BIR-01,General Medicine Ward B,2026-01-12,14.51
HHN-BIR-01,General Medicine Ward B,2026-01-13,14.49
HHN-BIR-01,General Medicine Ward B,2026-01-14,14.46
HHN-BIR-01,General Medicine Ward B,2026-01-15,14.43
HHN-BIR-01,General Medicine Ward B,2026-01-16,14.4
HHN-BIR-01,General Medicine Ward B,2026-01-17,14.09
HHN-BIR-01,General Medicine Ward B,2026-01-18,14.08
HHN-BIR-01,General Medicine Ward B,2026-01-19,14.48
HHN-BIR-01,General Medicine Ward B,2026-01-20,14.46
HHN-BIR-01,General Medicine Ward B,2026-01-21,14.44
HHN-BIR-01,General Medicine Ward B,2026-01-22,14.42
HHN-BIR-01,General Medicine Ward B,2026-01-23,14.39
HHN-BIR-01,General Medicine Ward B,2026-01-24,14.09
HHN-BIR-01,General Medicine Ward B,2026-01-25,14.07
HHN-BIR-01,General Medicine Ward B,2026-01-26,14.48
HHN-BIR-01,General Medicine Ward B,2026-01-27,14.46
HHN-BIR-01,General Medicine Ward B,2026-01-28,14.44
HHN-BIR-01,General Medicine Ward B,2026-01-29,14.41
HHN-BIR-01,General Medicine Ward B,2026-01-30,14.39
HHN-BIR-01,Icu,2026-01-01,9.25
HHN-BIR-01,Icu,2026-01-02,8.82
HHN-BIR-01,Icu,2026-01-03,8.41
HHN-BIR-01,Icu,2026-01-04,8.17
HHN-BIR-01,Icu,2026-01-05,8.3
HHN-BIR-01,Icu,2026-01-06,8.18
HHN-BIR-01,Icu,2026-01-07,8.08
HHN-BIR-01,Icu,2026-01-08,7.97
HHN-BIR-01,Icu,2026-01-09,7.87
HHN-BIR-01,Icu,2026-01-10,7.74
HHN-BIR-01,Icu,2026-01-11,7.67
HHN-BIR-01,Icu,2026-01-12,7.87
HHN-BIR-01,Icu,2026-01-13,7.82
HHN-BIR-01,Icu,2026-01-14,7.78
HHN-BIR-01,Icu,2026-01-15,7.74
HHN-BIR-01,Icu,2026-01-16,7.69
HHN-BIR-01,Icu,2026-01-17,7.62
HHN-BIR-01,Icu,2026-01-18,7.58
HHN-BIR-01,Icu,2026-01-19,7.78
HHN-BIR-01,Icu,2026-01-20,7.75
HHN-BIR-01,Icu,2026-01-21,7.72
HHN-BIR-01,Icu,2026-01-22,7.69
HHN-BIR-01,Icu,2026-01-23,7.66
HHN-BIR-01,Icu,2026-01-24,7.59
HHN-BIR-01,Icu,2026-01-25,7.56
HHN-BIR-01,Icu,2026-01-26,7.77
HHN-BIR-01,Icu,2026-01-27,7.74
HHN-BIR-01,Icu,2026-01-28,7.71
HHN-BIR-01,Icu,2026-01-29,7.68
HHN-BIR-01,Icu,2026-01-30,7.65
HHN-BIR-01,Oncology Ward,2026-01-01,10.74
HHN-BIR-01,Oncology Ward,2026-01-02,11.58
HHN-BIR-01,Oncology Ward,2026-01-03,11.95
HHN-BIR-01,Oncology Ward,2026-01-04,12.42
HHN-BIR-01,Oncology Ward,2026-01-05,12.69
HHN-BIR-01,Oncology Ward,2026-01-06,13.02
HHN-BIR-01,Oncology Ward,2026-01-07,13.28
HHN-BIR-01,Oncology Ward,2026-01-08,13.54
HHN-BIR-01,Oncology Ward,2026-01-09,13.79
HHN-BIR-01,Oncology Ward,2026-01-10,13.69
HHN-BIR-01,Oncology Ward,2026-01-11,13.86
HHN-BIR-01,Oncology Ward,2026-01-12,13.86
HHN-BIR-01,Oncology Ward,2026-01-13,13.99
HHN-BIR-01,Oncology Ward,2026-01-14,14.1
HHN-BIR-01,Oncology Ward,2026-01-15,14.21
HHN-BIR-01,Oncology Ward,2026-01-16,14.31
HHN-BIR-01,Oncology Ward,2026-01-17,14.09
HHN-BIR-01,Oncology Ward,2026-01-18,14.17
HHN-BIR-01,Oncology Ward,2026-01-19,14.11
HHN-BIR-01,Oncology Ward,2026-01-20,14.19
HHN-BIR-01,Oncology Ward,2026-01-21,14.26
HHN-BIR-01,Oncology Ward,2026-01-22,14.33
HHN-BIR-01,Oncology Ward,2026-01-23,14.4
HHN-BIR-01,Oncology Ward,2026-01-24,14.16
HHN-BIR-01,Oncology Ward,2026-01-25,14.23
HHN-BIR-01,Oncology Ward,2026-01-26,14.15
HHN-BIR-01,Oncology Ward,2026-01-27,14.22
HHN-BIR-01,Oncology Ward,2026-01-28,14.29
HHN-BIR-01,Oncology Ward,2026-01-29,14.35
HHN-BIR-01,Oncology Ward,2026-01-30,14.42
HHN-BIR-01,Orthopaedics Ward A,2026-01-01,10.43
HHN-BIR-01,Orthopaedics Ward A,2026-01-02,10.26
HHN-BIR-01,Orthopaedics Ward A,2026-01-03,10.1
HHN-BIR-01,Orthopaedics Ward A,2026-01-04,10.02
HHN-BIR-01,Orthopaedics Ward A,2026-01-05,9.92
HHN-BIR-01,Orthopaedics Ward A,2026-01-06,9.88
HHN-BIR-01,Orthopaedics Ward A,2026-01-07,9.86
HHN-BIR-01,Orthopaedics Ward A,2026-01-08,9.85
HHN-BIR-01,Orthopaedics Ward A,2026-01-09,9.83
HHN-BIR-01,Orthopaedics Ward A,2026-01-10,9.79
HHN-BIR-01,Orthopaedics Ward A,2026-01-11,9.79
HHN-BIR-01,Orthopaedics Ward A,2026-01-12,9.75
HHN-BIR-01,Orthopaedics Ward A,2026-01-13,9.76
HHN-BIR-01,Orthopaedics Ward A,2026-01-14,9.76
HHN-BIR-01,Orthopaedics Ward A,2026-01-15,9.77
HHN-BIR-01,Orthopaedics Ward A,2026-01-16,9.78
HHN-BIR-01,Orthopaedics Ward A,2026-01-17,9.75
HHN-BIR-01,Orthopaedics Ward A,2026-01-18,9.76
HHN-BIR-01,Orthopaedics Ward A,2026-01-19,9.73
HHN-BIR-01,Orthopaedics Ward A,2026-01-20,9.74
HHN-BIR-01,Orthopaedics Ward A,2026-01-21,9.75
HHN-BIR-01,Orthopaedics Ward A,2026-01-22,9.76
HHN-BIR-01,Orthopaedics Ward A,2026-01-23,9.77
HHN-BIR-01,Orthopaedics Ward A,2026-01-24,9.74
HHN-BIR-01,Orthopaedics Ward A,2026-01-25,9.76
HHN-BIR-01,Orthopaedics Ward A,2026-01-26,9.73
HHN-BIR-01,Orthopaedics Ward A,2026-01-27,9.74
HHN-BIR-01,Orthopaedics Ward A,2026-01-28,9.75
HHN-BIR-01,Orthopaedics Ward A,2026-01-29,9.76
HHN-BIR-01,Orthopaedics Ward A,2026-01-30,9.77
HHN-BIR-01,Orthopaedics Ward B,2026-01-01,10.07
HHN-BIR-01,Orthopaedics Ward B,2026-01-02,10.02
HHN-BIR-01,Orthopaedics Ward B,2026-01-03,9.9
HHN-BIR-01,Orthopaedics Ward B,2026-01-04,9.87
HHN-BIR-01,Orthopaedics Ward B,2026-01-05,9.81
HHN-BIR-01,Orthopaedics Ward B,2026-01-06,9.77
HHN-BIR-01,Orthopaedics Ward B,2026-01-07,9.74
HHN-BIR-01,Orthopaedics Ward B,2026-01-08,9.75
HHN-BIR-01,Orthopaedics Ward B,2026-01-09,9.76
HHN-BIR-01,Orthopaedics Ward B,2026-01-10,9.71
HHN-BIR-01,Orthopaedics Ward B,2026-01-11,9.72
HHN-BIR-01,Orthopaedics Ward B,2026-01-12,9.68
HHN-BIR-01,Orthopaedics Ward B,2026-01-13,9.69
HHN-BIR-01,Orthopaedics Ward B,2026-01-14,9.71
HHN-BIR-01,Orthopaedics Ward B,2026-01-15,9.72
HHN-BIR-01,Orthopaedics Ward B,2026-01-16,9.74
HHN-BIR-01,Orthopaedics Ward B,2026-01-17,9.7
HHN-BIR-01,Orthopaedics Ward B,2026-01-18,9.71
HHN-BIR-01,Orthopaedics Ward B,2026-01-19,9.67
HHN-BIR-01,Orthopaedics Ward B,2026-01-20,9.68
HHN-BIR-01,Orthopaedics Ward B,2026-01-21,9.7
HHN-BIR-01,Orthopaedics Ward B,2026-01-22,9.72
HHN-BIR-01,Orthopaedics Ward B,2026-01-23,9.74
HHN-BIR-01,Orthopaedics Ward B,2026-01-24,9.69
HHN-BIR-01,Orthopaedics Ward B,2026-01-25,9.71
HHN-BIR-01,Orthopaedics Ward B,2026-01-26,9.67
HHN-BIR-01,Orthopaedics Ward B,2026-01-27,9.68
HHN-BIR-01,Orthopaedics Ward B,2026-01-28,9.7
HHN-BIR-01,Orthopaedics Ward B,2026-01-29,9.72
HHN-BIR-01,Orthopaedics Ward B,2026-01-30,9.74
HHN-EDI-01,Cardiology Ward,2026-01-01,15.69
HHN-EDI-01,Cardiology Ward,2026-01-02,15.08
HHN-EDI-01,Cardiology Ward,2026-01-03,13.94
HHN-EDI-01,Cardiology Ward,2026-01-04,13.74
HHN-EDI-01,Cardiology Ward,2026-01-05,14.06
HHN-EDI-01,Cardiology Ward,2026-01-06,13.99
HHN-EDI-01,Cardiology Ward,2026-01-07,13.89
HHN-EDI-01,Cardiology Ward,2026-01-08,13.8
HHN-EDI-01,Cardiology Ward,2026-01-09,13.77
HHN-EDI-01,Cardiology Ward,2026-01-10,12.98
HHN-EDI-01,Cardiology Ward,2026-01-11,13.01
HHN-EDI-01,Cardiology Ward,2026-01-12,13.47
HHN-EDI-01,Cardiology Ward,2026-01-13,13.51
HHN-EDI-01,Cardiology Ward,2026-01-14,13.55
HHN-EDI-01,Cardiology Ward,2026-01-15,13.58
HHN-EDI-01,Cardiology Ward,2026-01-16,13.62
HHN-EDI-01,Cardiology Ward,2026-01-17,12.85
HHN-EDI-01,Cardiology Ward,2026-01-18,12.91
HHN-EDI-01,Cardiology Ward,2026-01-19,13.37
HHN-EDI-01,Cardiology Ward,2026-01-20,13.43
HHN-EDI-01,Cardiology Ward,2026-01-21,13.48
HHN-EDI-01,Cardiology Ward,2026-01-22,13.54
HHN-EDI-01,Cardiology Ward,2026-01-23,13.59
HHN-EDI-01,Cardiology Ward,2026-01-24,12.83
HHN-EDI-01,Cardiology Ward,2026-01-25,12.89
HHN-EDI-01,Cardiology Ward,2026-01-26,13.35
HHN-EDI-01,Cardiology Ward,2026-01-27,13.41
HHN-EDI-01,Cardiology Ward,2026-01-28,13.47
HHN-EDI-01,Cardiology Ward,2026-01-29,13.53
HHN-EDI-01,Cardiology Ward,2026-01-30,13.59
HHN-EDI-01,Day Case Unit,2026-01-01,-0.03
HHN-EDI-01,Day Case Unit,2026-01-02,-0.03
HHN-EDI-01,Day Case Unit,2026-01-03,-0.01
HHN-EDI-01,Day Case Unit,2026-01-04,-0.0
HHN-EDI-01,Day Case Unit,2026-01-05,-0.03
HHN-EDI-01,Day Case Unit,2026-01-06,-0.03
HHN-EDI-01,Day Case Unit,2026-01-07,-0.03
HHN-EDI-01,Day Case Unit,2026-01-08,-0.03
HHN-EDI-01,Day Case Unit,2026-01-09,-0.03
HHN-EDI-01,Day Case Unit,2026-01-10,-0.01
HHN-EDI-01,Day Case Unit,2026-01-11,-0.0
HHN-EDI-01,Day Case Unit,2026-01-12,-0.03
HHN-EDI-01,Day Case Unit,2026-01-13,-0.03
HHN-EDI-01,Day Case Unit,2026-01-14,-0.03
HHN-EDI-01,Day Case Unit,2026-01-15,-0.03
HHN-EDI-01,Day Case Unit,2026-01-16,-0.03
HHN-EDI-01,Day Case Unit,2026-01-17,-0.01
HHN-EDI-01,Day Case Unit,2026-01-18,-0.0
HHN-EDI-01,Day Case Unit,2026-01-19,-0.03
HHN-EDI-01,Day Case Unit,2026-01-20,-0.03
HHN-EDI-01,Day Case Unit,2026-01-21,-0.03
HHN-EDI-01,Day Case Unit,2026-01-22,-0.03
HHN-EDI-01,Day Case Unit,2026-01-23,-0.03
HHN-EDI-01,Day Case Unit,2026-01-24,-0.01
HHN-EDI-01,Day Case Unit,2026-01-25,-0.0
HHN-EDI-01,Day Case Unit,2026-01-26,-0.03
HHN-EDI-01,Day Case Unit,2026-01-27,-0.03
HHN-EDI-01,Day Case Unit,2026-01-28,-0.03
HHN-EDI-01,Day Case Unit,2026-01-29,-0.03
HHN-EDI-01,Day Case Unit,2026-01-30,-0.03
HHN-EDI-01,General Medicine Ward A,2026-01-01,16.24
HHN-EDI-01,General Medicine Ward A,2026-01-02,15.31
HHN-EDI-01,General Medicine Ward A,2026-01-03,13.7
HHN-EDI-01,General Medicine Ward A,2026-01-04,13.24
HHN-EDI-01,General Medicine Ward A,2026-01-05,13.25
HHN-EDI-01,General Medicine Ward A,2026-01-06,13.04
HHN-EDI-01,General Medicine Ward A,2026-01-07,12.91
HHN-EDI-01,General Medicine Ward A,2026-01-08,12.84
HHN-EDI-01,General Medicine Ward A,2026-01-09,12.82
HHN-EDI-01,General Medicine Ward A,2026-01-10,11.88
HHN-EDI-01,General Medicine Ward A,2026-01-11,11.91
HHN-EDI-01,General Medicine Ward A,2026-01-12,12.28
HHN-EDI-01,General Medicine Ward A,2026-01-13,12.34
HHN-EDI-01,General Medicine Ward A,2026-01-14,12.4
HHN-EDI-01,General Medicine Ward A,2026-01-15,12.47
HHN-EDI-01,General Medicine Ward A,2026-01-16,12.54
HHN-EDI-01,General Medicine Ward A,2026-01-17,11.68
HHN-EDI-01,General Medicine Ward A,2026-01-18,11.76
HHN-EDI-01,General Medicine Ward A,2026-01-19,12.17
HHN-EDI-01,General Medicine Ward A,2026-01-20,12.26
HHN-EDI-01,General Medicine Ward A,2026-01-21,12.34
HHN-EDI-01,General Medicine Ward A,2026-01-22,12.43
HHN-EDI-01,General Medicine Ward A,2026-01-23,12.51
HHN-EDI-01,General Medicine Ward A,2026-01-24,11.66
HHN-EDI-01,General Medicine Ward A,2026-01-25,11.75
HHN-EDI-01,General Medicine Ward A,2026-01-26,12.16
HHN-EDI-01,General Medicine Ward A,2026-01-27,12.25
HHN-EDI-01,General Medicine Ward A,2026-01-28,12.34
HHN-EDI-01,General Medicine Ward A,2026-01-29,12.42
HHN-EDI-01,General Medicine Ward A,2026-01-30,12.51
HHN-EDI-01,General Medicine Ward B,2026-01-01,16.47
HHN-EDI-01,General Medicine Ward B,2026-01-02,15.47
HHN-EDI-01,General Medicine Ward B,2026-01-03,14.7
HHN-EDI-01,General Medicine Ward B,2026-01-04,14.12
HHN-EDI-01,General Medicine Ward B,2026-01-05,14.17
HHN-EDI-01,General Medicine Ward B,2026-01-06,14.01
HHN-EDI-01,General Medicine Ward B,2026-01-07,13.78
HHN-EDI-01,General Medicine Ward B,2026-01-08,13.58
HHN-EDI-01,General Medicine Ward B,2026-01-09,13.42
HHN-EDI-01,General Medicine Ward B,2026-01-10,13.24
HHN-EDI-01,General Medicine Ward B,2026-01-11,13.12
HHN-EDI-01,General Medicine Ward B,2026-01-12,13.46
HHN-EDI-01,General Medicine Ward B,2026-01-13,13.4
HHN-EDI-01,General Medicine Ward B,2026-01-14,13.33
HHN-EDI-01,General Medicine Ward B,2026-01-15,13.26
HHN-EDI-01,General Medicine Ward B,2026-01-16,13.19
HHN-EDI-01,General Medicine Ward B,2026-01-17,13.07
HHN-EDI-01,General Medicine Ward B,2026-01-18,13.01
HHN-EDI-01,General Medicine Ward B,2026-01-19,13.38
HHN-EDI-01,General Medicine Ward B,2026-01-20,13.33
HHN-EDI-01,General Medicine Ward B,2026-01-21,13.27
HHN-EDI-01,General Medicine Ward B,2026-01-22,13.22
HHN-EDI-01,General Medicine Ward B,2026-01-23,13.16
HHN-EDI-01,General Medicine Ward B,2026-01-24,13.04
HHN-EDI-01,General Medicine Ward B,2026-01-25,12.99
HHN-EDI-01,General Medicine Ward B,2026-01-26,13.36
HHN-EDI-01,General Medicine Ward B,2026-01-27,13.31
HHN-EDI-01,General Medicine Ward B,2026-01-28,13.26
HHN-EDI-01,General Medicine Ward B,2026-01-29,13.21
HHN-EDI-01,General Medicine Ward B,2026-01-30,13.16
HHN-EDI-01,Icu,2026-01-01,7.52
HHN-EDI-01,Icu,2026-01-02,7.04
HHN-EDI-01,Icu,2026-01-03,6.87
HHN-EDI-01,Icu,2026-01-04,6.62
HHN-EDI-01,Icu,2026-01-05,6.43
HHN-EDI-01,Icu,2026-01-06,6.21
HHN-EDI-01,Icu,2026-01-07,6.02
HHN-EDI-01,Icu,2026-01-08,5.89
HHN-EDI-01,Icu,2026-01-09,5.76
HHN-EDI-01,Icu,2026-01-10,5.8
HHN-EDI-01,Icu,2026-01-11,5.72
HHN-EDI-01,Icu,2026-01-12,5.7
HHN-EDI-01,Icu,2026-01-13,5.62
HHN-EDI-01,Icu,2026-01-14,5.55
HHN-EDI-01,Icu,2026-01-15,5.5
HHN-EDI-01,Icu,2026-01-16,5.44
HHN-EDI-01,Icu,2026-01-17,5.54
HHN-EDI-01,Icu,2026-01-18,5.49
HHN-EDI-01,Icu,2026-01-19,5.52
HHN-EDI-01,Icu,2026-01-20,5.47
HHN-EDI-01,Icu,2026-01-21,5.43
HHN-EDI-01,Icu,2026-01-22,5.39
HHN-EDI-01,Icu,2026-01-23,5.36
HHN-EDI-01,Icu,2026-01-24,5.47
HHN-EDI-01,Icu,2026-01-25,5.43
HHN-EDI-01,Icu,2026-01-26,5.47
HHN-EDI-01,Icu,2026-01-27,5.43
HHN-EDI-01,Icu,2026-01-28,5.4
HHN-EDI-01,Icu,2026-01-29,5.37
HHN-EDI-01,Icu,2026-01-30,5.34
HHN-EDI-01,Oncology Ward,2026-01-01,12.23
HHN-EDI-01,Oncology Ward,2026-01-02,11.9
HHN-EDI-01,Oncology Ward,2026-01-03,11.16
HHN-EDI-01,Oncology Ward,2026-01-04,11.08
HHN-EDI-01,Oncology Ward,2026-01-05,11.05
HHN-EDI-01,Oncology Ward,2026-01-06,11.04
HHN-EDI-01,Oncology Ward,2026-01-07,10.99
HHN-EDI-01,Oncology Ward,2026-01-08,10.97
HHN-EDI-01,Oncology Ward,2026-01-09,10.91
HHN-EDI-01,Oncology Ward,2026-01-10,10.47
HHN-EDI-01,Oncology Ward,2026-01-11,10.49
HHN-EDI-01,Oncology Ward,2026-01-12,10.5
HHN-EDI-01,Oncology Ward,2026-01-13,10.54
HHN-EDI-01,Oncology Ward,2026-01-14,10.57
HHN-EDI-01,Oncology Ward,2026-01-15,10.61
HHN-EDI-01,Oncology Ward,2026-01-16,10.64
HHN-EDI-01,Oncology Ward,2026-01-17,10.27
HHN-EDI-01,Oncology Ward,2026-01-18,10.32
HHN-EDI-01,Oncology Ward,2026-01-19,10.35
HHN-EDI-01,Oncology Ward,2026-01-20,10.4
HHN-EDI-01,Oncology Ward,2026-01-21,10.45
HHN-EDI-01,Oncology Ward,2026-01-22,10.51
HHN-EDI-01,Oncology Ward,2026-01-23,10.56
HHN-EDI-01,Oncology Ward,2026-01-24,10.22
HHN-EDI-01,Oncology Ward,2026-01-25,10.27
HHN-EDI-01,Oncology Ward,2026-01-26,10.3
HHN-EDI-01,Oncology Ward,2026-01-27,10.36
HHN-EDI-01,Oncology Ward,2026-01-28,10.42
HHN-EDI-01,Oncology Ward,2026-01-29,10.48
HHN-EDI-01,Oncology Ward,2026-01-30,10.54
HHN-EDI-01,Orthopaedics Ward A,2026-01-01,8.77
HHN-EDI-01,Orthopaedics Ward A,2026-01-02,8.66
HHN-EDI-01,Orthopaedics Ward A,2026-01-03,7.93
HHN-EDI-01,Orthopaedics Ward A,2026-01-04,7.93
HHN-EDI-01,Orthopaedics Ward A,2026-01-05,7.99
HHN-EDI-01,Orthopaedics Ward A,2026-01-06,8.04
HHN-EDI-01,Orthopaedics Ward A,2026-01-07,8.1
HHN-EDI-01,Orthopaedics Ward A,2026-01-08,8.16
HHN-EDI-01,Orthopaedics Ward A,2026-01-09,8.23
HHN-EDI-01,Orthopaedics Ward A,2026-01-10,7.57
HHN-EDI-01,Orthopaedics Ward A,2026-01-11,7.66
HHN-EDI-01,Orthopaedics Ward A,2026-01-12,7.77
HHN-EDI-01,Orthopaedics Ward A,2026-01-13,7.87
HHN-EDI-01,Orthopaedics Ward A,2026-01-14,7.97
HHN-EDI-01,Orthopaedics Ward A,2026-01-15,8.07
HHN-EDI-01,Orthopaedics Ward A,2026-01-16,8.17
HHN-EDI-01,Orthopaedics Ward A,2026-01-17,7.51
HHN-EDI-01,Orthopaedics Ward A,2026-01-18,7.62
HHN-EDI-01,Orthopaedics Ward A,2026-01-19,7.74
HHN-EDI-01,Orthopaedics Ward A,2026-01-20,7.84
HHN-EDI-01,Orthopaedics Ward A,2026-01-21,7.95
HHN-EDI-01,Orthopaedics Ward A,2026-01-22,8.05
HHN-EDI-01,Orthopaedics Ward A,2026-01-23,8.16
HHN-EDI-01,Orthopaedics Ward A,2026-01-24,7.51
HHN-EDI-01,Orthopaedics Ward A,2026-01-25,7.61
HHN-EDI-01,Orthopaedics Ward A,2026-01-26,7.73
HHN-EDI-01,Orthopaedics Ward A,2026-01-27,7.84
HHN-EDI-01,Orthopaedics Ward A,2026-01-28,7.95
HHN-EDI-01,Orthopaedics Ward A,2026-01-29,8.05
HHN-EDI-01,Orthopaedics Ward A,2026-01-30,8.16
HHN-EDI-01,Orthopaedics Ward B,2026-01-01,9.28
HHN-EDI-01,Orthopaedics Ward B,2026-01-02,9.04
HHN-EDI-01,Orthopaedics Ward B,2026-01-03,8.56
HHN-EDI-01,Orthopaedics Ward B,2026-01-04,8.47
HHN-EDI-01,Orthopaedics Ward B,2026-01-05,8.36
HHN-EDI-01,Orthopaedics Ward B,2026-01-06,8.32
HHN-EDI-01,Orthopaedics Ward B,2026-01-07,8.31
HHN-EDI-01,Orthopaedics Ward B,2026-01-08,8.32
HHN-EDI-01,Orthopaedics Ward B,2026-01-09,8.34
HHN-EDI-01,Orthopaedics Ward B,2026-01-10,8.05
HHN-EDI-01,Orthopaedics Ward B,2026-01-11,8.09
HHN-EDI-01,Orthopaedics Ward B,2026-01-12,8.08
HHN-EDI-01,Orthopaedics Ward B,2026-01-13,8.12
HHN-EDI-01,Orthopaedics Ward B,2026-01-14,8.17
HHN-EDI-01,Orthopaedics Ward B,2026-01-15,8.21
HHN-EDI-01,Orthopaedics Ward B,2026-01-16,8.26
HHN-EDI-01,Orthopaedics Ward B,2026-01-17,7.99
HHN-EDI-01,Orthopaedics Ward B,2026-01-18,8.04
HHN-EDI-01,Orthopaedics Ward B,2026-01-19,8.05
HHN-EDI-01,Orthopaedics Ward B,2026-01-20,8.1
HHN-EDI-01,Orthopaedics Ward B,2026-01-21,8.15
HHN-EDI-01,Orthopaedics Ward B,2026-01-22,8.2
HHN-EDI-01,Orthopaedics Ward B,2026-01-23,8.25
HHN-EDI-01,Orthopaedics Ward B,2026-01-24,7.99
HHN-EDI-01,Orthopaedics Ward B,2026-01-25,8.04
HHN-EDI-01,Orthopaedics Ward B,2026-01-26,8.04
HHN-EDI-01,Orthopaedics Ward B,2026-01-27,8.1
HHN-EDI-01,Orthopaedics Ward B,2026-01-28,8.15
HHN-EDI-01,Orthopaedics Ward B,2026-01-29,8.2
HHN-EDI-01,Orthopaedics Ward B,2026-01-30,8.25
HHN-LON-01,Cardiology Ward,2026-01-01,37.29
HHN-LON-01,Cardiology Ward,2026-01-02,36.62
HHN-LON-01,Cardiology Ward,2026-01-03,33.37
HHN-LON-01,Cardiology Ward,2026-01-04,32.58
HHN-LON-01,Cardiology Ward,2026-01-05,32.37
HHN-LON-01,Cardiology Ward,2026-01-06,32.41
HHN-LON-01,Cardiology Ward,2026-01-07,32.4
HHN-LON-01,Cardiology Ward,2026-01-08,32.37
HHN-LON-01,Cardiology Ward,2026-01-09,32.95
HHN-LON-01,Cardiology Ward,2026-01-10,30.63
HHN-LON-01,Cardiology Ward,2026-01-11,30.64
HHN-LON-01,Cardiology Ward,2026-01-12,30.81
HHN-LON-01,Cardiology Ward,2026-01-13,31.2
HHN-LON-01,Cardiology Ward,2026-01-14,31.49
HHN-LON-01,Cardiology Ward,2026-01-15,31.7
HHN-LON-01,Cardiology Ward,2026-01-16,32.34
HHN-LON-01,Cardiology Ward,2026-01-17,30.09
HHN-LON-01,Cardiology Ward,2026-01-18,30.26
HHN-LON-01,Cardiology Ward,2026-01-19,30.41
HHN-LON-01,Cardiology Ward,2026-01-20,30.84
HHN-LON-01,Cardiology Ward,2026-01-21,31.18
HHN-LON-01,Cardiology Ward,2026-01-22,31.48
HHN-LON-01,Cardiology Ward,2026-01-23,32.08
HHN-LON-01,Cardiology Ward,2026-01-24,29.83
HHN-LON-01,Cardiology Ward,2026-01-25,30.08
HHN-LON-01,Cardiology Ward,2026-01-26,30.18
HHN-LON-01,Cardiology Ward,2026-01-27,30.62
HHN-LON-01,Cardiology Ward,2026-01-28,30.99
HHN-LON-01,Cardiology Ward,2026-01-29,31.33
HHN-LON-01,Cardiology Ward,2026-01-30,31.9
HHN-LON-01,Day Case Unit,2026-01-01,0.13
HHN-LON-01,Day Case Unit,2026-01-02,0.14
HHN-LON-01,Day Case Unit,2026-01-03,0.14
HHN-LON-01,Day Case Unit,2026-01-04,0.14
HHN-LON-01,Day Case Unit,2026-01-05,0.22
HHN-LON-01,Day Case Unit,2026-01-06,0.16
HHN-LON-01,Day Case Unit,2026-01-07,0.18
HHN-LON-01,Day Case Unit,2026-01-08,0.15
HHN-LON-01,Day Case Unit,2026-01-09,0.14
HHN-LON-01,Day Case Unit,2026-01-10,0.13
HHN-LON-01,Day Case Unit,2026-01-11,0.12
HHN-LON-01,Day Case Unit,2026-01-12,0.2
HHN-LON-01,Day Case Unit,2026-01-13,0.18
HHN-LON-01,Day Case Unit,2026-01-14,0.17
HHN-LON-01,Day Case Unit,2026-01-15,0.15
HHN-LON-01,Day Case Unit,2026-01-16,0.14
HHN-LON-01,Day Case Unit,2026-01-17,0.13
HHN-LON-01,Day Case Unit,2026-01-18,0.12
HHN-LON-01,Day Case Unit,2026-01-19,0.19
HHN-LON-01,Day Case Unit,2026-01-20,0.18
HHN-LON-01,Day Case Unit,2026-01-21,0.17
HHN-LON-01,Day Case Unit,2026-01-22,0.15
HHN-LON-01,Day Case Unit,2026-01-23,0.14
HHN-LON-01,Day Case Unit,2026-01-24,0.13
HHN-LON-01,Day Case Unit,2026-01-25,0.12
HHN-LON-01,Day Case Unit,2026-01-26,0.19
HHN-LON-01,Day Case Unit,2026-01-27,0.18
HHN-LON-01,Day Case Unit,2026-01-28,0.17
HHN-LON-01,Day Case Unit,2026-01-29,0.15
HHN-LON-01,Day Case Unit,2026-01-30,0.14
HHN-LON-01,General Medicine Ward A,2026-01-01,34.12
HHN-LON-01,General Medicine Ward A,2026-01-02,33.16
HHN-LON-01,General Medicine Ward A,2026-01-03,31.25
HHN-LON-01,General Medicine Ward A,2026-01-04,30.73
HHN-LON-01,General Medicine Ward A,2026-01-05,30.46
HHN-LON-01,General Medicine Ward A,2026-01-06,30.11
HHN-LON-01,General Medicine Ward A,2026-01-07,29.79
HHN-LON-01,General Medicine Ward A,2026-01-08,29.54
HHN-LON-01,General Medicine Ward A,2026-01-09,29.35
HHN-LON-01,General Medicine Ward A,2026-01-10,28.12
HHN-LON-01,General Medicine Ward A,2026-01-11,28.04
HHN-LON-01,General Medicine Ward A,2026-01-12,28.24
HHN-LON-01,General Medicine Ward A,2026-01-13,28.21
HHN-LON-01,General Medicine Ward A,2026-01-14,28.2
HHN-LON-01,General Medicine Ward A,2026-01-15,28.22
HHN-LON-01,General Medicine Ward A,2026-01-16,28.25
HHN-LON-01,General Medicine Ward A,2026-01-17,27.21
HHN-LON-01,General Medicine Ward A,2026-01-18,27.27
HHN-LON-01,General Medicine Ward A,2026-01-19,27.6
HHN-LON-01,General Medicine Ward A,2026-01-20,27.68
HHN-LON-01,General Medicine Ward A,2026-01-21,27.76
HHN-LON-01,General Medicine Ward A,2026-01-22,27.85
HHN-LON-01,General Medicine Ward A,2026-01-23,27.94
HHN-LON-01,General Medicine Ward A,2026-01-24,26.96
HHN-LON-01,General Medicine Ward A,2026-01-25,27.06
HHN-LON-01,General Medicine Ward A,2026-01-26,27.43
HHN-LON-01,General Medicine Ward A,2026-01-27,27.53
HHN-LON-01,General Medicine Ward A,2026-01-28,27.64
HHN-LON-01,General Medicine Ward A,2026-01-29,27.75
HHN-LON-01,General Medicine Ward A,2026-01-30,27.85
HHN-LON-01,General Medicine Ward B,2026-01-01,34.88
HHN-LON-01,General Medicine Ward B,2026-01-02,34.25
HHN-LON-01,General Medicine Ward B,2026-01-03,31.68
HHN-LON-01,General Medicine Ward B,2026-01-04,30.86
HHN-LON-01,General Medicine Ward B,2026-01-05,30.34
HHN-LON-01,General Medicine Ward B,2026-01-06,30.79
HHN-LON-01,General Medicine Ward B,2026-01-07,30.94
HHN-LON-01,General Medicine Ward B,2026-01-08,30.51
HHN-LON-01,General Medicine Ward B,2026-01-09,30.55
HHN-LON-01,General Medicine Ward B,2026-01-10,28.68
HHN-LON-01,General Medicine Ward B,2026-01-11,28.51
HHN-LON-01,General Medicine Ward B,2026-01-12,28.52
HHN-LON-01,General Medicine Ward B,2026-01-13,28.98
HHN-LON-01,General Medicine Ward B,2026-01-14,29.25
HHN-LON-01,General Medicine Ward B,2026-01-15,29.19
HHN-LON-01,General Medicine Ward B,2026-01-16,29.37
HHN-LON-01,General Medicine Ward B,2026-01-17,27.71
HHN-LON-01,General Medicine Ward B,2026-01-18,27.75
HHN-LON-01,General Medicine Ward B,2026-01-19,27.95
HHN-LON-01,General Medicine Ward B,2026-01-20,28.32
HHN-LON-01,General Medicine Ward B,2026-01-21,28.59
HHN-LON-01,General Medicine Ward B,2026-01-22,28.68
HHN-LON-01,General Medicine Ward B,2026-01-23,28.89
HHN-LON-01,General Medicine Ward B,2026-01-24,27.31
HHN-LON-01,General Medicine Ward B,2026-01-25,27.45
HHN-LON-01,General Medicine Ward B,2026-01-26,27.72
HHN-LON-01,General Medicine Ward B,2026-01-27,28.03
HHN-LON-01,General Medicine Ward B,2026-01-28,28.28
HHN-LON-01,General Medicine Ward B,2026-01-29,28.44
HHN-LON-01,General Medicine Ward B,2026-01-30,28.67
HHN-LON-01,Icu,2026-01-01,17.12
HHN-LON-01,Icu,2026-01-02,16.51
HHN-LON-01,Icu,2026-01-03,16.45
HHN-LON-01,Icu,2026-01-04,15.9
HHN-LON-01,Icu,2026-01-05,15.81
HHN-LON-01,Icu,2026-01-06,15.4
HHN-LON-01,Icu,2026-01-07,15.08
HHN-LON-01,Icu,2026-01-08,14.76
HHN-LON-01,Icu,2026-01-09,14.47
HHN-LON-01,Icu,2026-01-10,14.73
HHN-LON-01,Icu,2026-01-11,14.45
HHN-LON-01,Icu,2026-01-12,14.57
HHN-LON-01,Icu,2026-01-13,14.34
HHN-LON-01,Icu,2026-01-14,14.15
HHN-LON-01,Icu,2026-01-15,13.95
HHN-LON-01,Icu,2026-01-16,13.76
HHN-LON-01,Icu,2026-01-17,14.13
HHN-LON-01,Icu,2026-01-18,13.94
HHN-LON-01,Icu,2026-01-19,14.14
HHN-LON-01,Icu,2026-01-20,13.97
HHN-LON-01,Icu,2026-01-21,13.81
HHN-LON-01,Icu,2026-01-22,13.66
HHN-LON-01,Icu,2026-01-23,13.5
HHN-LON-01,Icu,2026-01-24,13.91
HHN-LON-01,Icu,2026-01-25,13.76
HHN-LON-01,Icu,2026-01-26,13.98
HHN-LON-01,Icu,2026-01-27,13.83
HHN-LON-01,Icu,2026-01-28,13.69
HHN-LON-01,Icu,2026-01-29,13.55
HHN-LON-01,Icu,2026-01-30,13.4
HHN-LON-01,Oncology Ward,2026-01-01,21.62
HHN-LON-01,Oncology Ward,2026-01-02,22.45
HHN-LON-01,Oncology Ward,2026-01-03,23.44
HHN-LON-01,Oncology Ward,2026-01-04,23.52
HHN-LON-01,Oncology Ward,2026-01-05,24.56
HHN-LON-01,Oncology Ward,2026-01-06,24.72
HHN-LON-01,Oncology Ward,2026-01-07,24.68
HHN-LON-01,Oncology Ward,2026-01-08,24.77
HHN-LON-01,Oncology Ward,2026-01-09,25.06
HHN-LON-01,Oncology Ward,2026-01-10,25.48
HHN-LON-01,Oncology Ward,2026-01-11,25.31
HHN-LON-01,Oncology Ward,2026-01-12,25.91
HHN-LON-01,Oncology Ward,2026-01-13,25.88
HHN-LON-01,Oncology Ward,2026-01-14,25.73
HHN-LON-01,Oncology Ward,2026-01-15,25.71
HHN-LON-01,Oncology Ward,2026-01-16,25.84
HHN-LON-01,Oncology Ward,2026-01-17,26.04
HHN-LON-01,Oncology Ward,2026-01-18,25.87
HHN-LON-01,Oncology Ward,2026-01-19,26.28
HHN-LON-01,Oncology Ward,2026-01-20,26.23
HHN-LON-01,Oncology Ward,2026-01-21,26.09
HHN-LON-01,Oncology Ward,2026-01-22,26.05
HHN-LON-01,Oncology Ward,2026-01-23,26.13
HHN-LON-01,Oncology Ward,2026-01-24,26.23
HHN-LON-01,Oncology Ward,2026-01-25,26.09
HHN-LON-01,Oncology Ward,2026-01-26,26.4
HHN-LON-01,Oncology Ward,2026-01-27,26.36
HHN-LON-01,Oncology Ward,2026-01-28,26.25
HHN-LON-01,Oncology Ward,2026-01-29,26.22
HHN-LON-01,Oncology Ward,2026-01-30,26.28
HHN-LON-01,Orthopaedics Ward A,2026-01-01,25.68
HHN-LON-01,Orthopaedics Ward A,2026-01-02,24.77
HHN-LON-01,Orthopaedics Ward A,2026-01-03,23.37
HHN-LON-01,Orthopaedics Ward A,2026-01-04,23.32
HHN-LON-01,Orthopaedics Ward A,2026-01-05,23.11
HHN-LON-01,Orthopaedics Ward A,2026-01-06,23.05
HHN-LON-01,Orthopaedics Ward A,2026-01-07,22.98
HHN-LON-01,Orthopaedics Ward A,2026-01-08,22.83
HHN-LON-01,Orthopaedics Ward A,2026-01-09,22.77
HHN-LON-01,Orthopaedics Ward A,2026-01-10,21.9
HHN-LON-01,Orthopaedics Ward A,2026-01-11,21.99
HHN-LON-01,Orthopaedics Ward A,2026-01-12,21.77
HHN-LON-01,Orthopaedics Ward A,2026-01-13,21.89
HHN-LON-01,Orthopaedics Ward A,2026-01-14,22.02
HHN-LON-01,Orthopaedics Ward A,2026-01-15,22.14
HHN-LON-01,Orthopaedics Ward A,2026-01-16,22.28
HHN-LON-01,Orthopaedics Ward A,2026-01-17,21.54
HHN-LON-01,Orthopaedics Ward A,2026-01-18,21.7
HHN-LON-01,Orthopaedics Ward A,2026-01-19,21.51
HHN-LON-01,Orthopaedics Ward A,2026-01-20,21.68
HHN-LON-01,Orthopaedics Ward A,2026-01-21,21.85
HHN-LON-01,Orthopaedics Ward A,2026-01-22,22.02
HHN-LON-01,Orthopaedics Ward A,2026-01-23,22.19
HHN-LON-01,Orthopaedics Ward A,2026-01-24,21.47
HHN-LON-01,Orthopaedics Ward A,2026-01-25,21.65
HHN-LON-01,Orthopaedics Ward A,2026-01-26,21.47
HHN-LON-01,Orthopaedics Ward A,2026-01-27,21.65
HHN-LON-01,Orthopaedics Ward A,2026-01-28,21.82
HHN-LON-01,Orthopaedics Ward A,2026-01-29,22.0
HHN-LON-01,Orthopaedics Ward A,2026-01-30,22.18
HHN-LON-01,Orthopaedics Ward B,2026-01-01,25.38
HHN-LON-01,Orthopaedics Ward B,2026-01-02,24.8
HHN-LON-01,Orthopaedics Ward B,2026-01-03,23.45
HHN-LON-01,Orthopaedics Ward B,2026-01-04,23.32
HHN-LON-01,Orthopaedics Ward B,2026-01-05,22.92
HHN-LON-01,Orthopaedics Ward B,2026-01-06,22.84
HHN-LON-01,Orthopaedics Ward B,2026-01-07,22.81
HHN-LON-01,Orthopaedics Ward B,2026-01-08,22.79
HHN-LON-01,Orthopaedics Ward B,2026-01-09,22.8
HHN-LON-01,Orthopaedics Ward B,2026-01-10,22.0
HHN-LON-01,Orthopaedics Ward B,2026-01-11,22.12
HHN-LON-01,Orthopaedics Ward B,2026-01-12,21.85
HHN-LON-01,Orthopaedics Ward B,2026-01-13,21.97
HHN-LON-01,Orthopaedics Ward B,2026-01-14,22.09
HHN-LON-01,Orthopaedics Ward B,2026-01-15,22.23
HHN-LON-01,Orthopaedics Ward B,2026-01-16,22.36
HHN-LON-01,Orthopaedics Ward B,2026-01-17,21.69
HHN-LON-01,Orthopaedics Ward B,2026-01-18,21.86
HHN-LON-01,Orthopaedics Ward B,2026-01-19,21.61
HHN-LON-01,Orthopaedics Ward B,2026-01-20,21.77
HHN-LON-01,Orthopaedics Ward B,2026-01-21,21.93
HHN-LON-01,Orthopaedics Ward B,2026-01-22,22.1
HHN-LON-01,Orthopaedics Ward B,2026-01-23,22.26
HHN-LON-01,Orthopaedics Ward B,2026-01-24,21.62
HHN-LON-01,Orthopaedics Ward B,2026-01-25,21.8
HHN-LON-01,Orthopaedics Ward B,2026-01-26,21.55
HHN-LON-01,Orthopaedics Ward B,2026-01-27,21.72
HHN-LON-01,Orthopaedics Ward B,2026-01-28,21.89
HHN-LON-01,Orthopaedics Ward B,2026-01-29,22.07
HHN-LON-01,Orthopaedics Ward B,2026-01-30,22.24
HHN-LON-02,Cardiology Ward,2026-01-01,17.67
HHN-LON-02,Cardiology Ward,2026-01-02,17.42
HHN-LON-02,Cardiology Ward,2026-01-03,17.17
HHN-LON-02,Cardiology Ward,2026-01-04,17.09
HHN-LON-02,Cardiology Ward,2026-01-05,17.1
HHN-LON-02,Cardiology Ward,2026-01-06,17.08
HHN-LON-02,Cardiology Ward,2026-01-07,17.1
HHN-LON-02,Cardiology Ward,2026-01-08,17.07
HHN-LON-02,Cardiology Ward,2026-01-09,17.05
HHN-LON-02,Cardiology Ward,2026-01-10,16.95
HHN-LON-02,Cardiology Ward,2026-01-11,16.94
HHN-LON-02,Cardiology Ward,2026-01-12,16.97
HHN-LON-02,Cardiology Ward,2026-01-13,16.98
HHN-LON-02,Cardiology Ward,2026-01-14,16.99
HHN-LON-02,Cardiology Ward,2026-01-15,16.99
HHN-LON-02,Cardiology Ward,2026-01-16,17.0
HHN-LON-02,Cardiology Ward,2026-01-17,16.91
HHN-LON-02,Cardiology Ward,2026-01-18,16.92
HHN-LON-02,Cardiology Ward,2026-01-19,16.95
HHN-LON-02,Cardiology Ward,2026-01-20,16.96
HHN-LON-02,Cardiology Ward,2026-01-21,16.97
HHN-LON-02,Cardiology Ward,2026-01-22,16.98
HHN-LON-02,Cardiology Ward,2026-01-23,16.99
HHN-LON-02,Cardiology Ward,2026-01-24,16.9
HHN-LON-02,Cardiology Ward,2026-01-25,16.91
HHN-LON-02,Cardiology Ward,2026-01-26,16.94
HHN-LON-02,Cardiology Ward,2026-01-27,16.95
HHN-LON-02,Cardiology Ward,2026-01-28,16.96
HHN-LON-02,Cardiology Ward,2026-01-29,16.97
HHN-LON-02,Cardiology Ward,2026-01-30,16.98
HHN-LON-02,Day Case Unit,2026-01-01,0.26
HHN-LON-02,Day Case Unit,2026-01-02,0.28
HHN-LON-02,Day Case Unit,2026-01-03,0.33
HHN-LON-02,Day Case Unit,2026-01-04,0.34
HHN-LON-02,Day Case Unit,2026-01-05,0.28
HHN-LON-02,Day Case Unit,2026-01-06,0.3
HHN-LON-02,Day Case Unit,2026-01-07,0.24
HHN-LON-02,Day Case Unit,2026-01-08,0.3
HHN-LON-02,Day Case Unit,2026-01-09,0.31
HHN-LON-02,Day Case Unit,2026-01-10,0.34
HHN-LON-02,Day Case Unit,2026-01-11,0.35
HHN-LON-02,Day Case Unit,2026-01-12,0.26
HHN-LON-02,Day Case Unit,2026-01-13,0.27
HHN-LON-02,Day Case Unit,2026-01-14,0.3
HHN-LON-02,Day Case Unit,2026-01-15,0.3
HHN-LON-02,Day Case Unit,2026-01-16,0.3
HHN-LON-02,Day Case Unit,2026-01-17,0.34
HHN-LON-02,Day Case Unit,2026-01-18,0.35
HHN-LON-02,Day Case Unit,2026-01-19,0.27
HHN-LON-02,Day Case Unit,2026-01-20,0.28
HHN-LON-02,Day Case Unit,2026-01-21,0.28
HHN-LON-02,Day Case Unit,2026-01-22,0.3
HHN-LON-02,Day Case Unit,2026-01-23,0.31
HHN-LON-02,Day Case Unit,2026-01-24,0.34
HHN-LON-02,Day Case Unit,2026-01-25,0.35
HHN-LON-02,Day Case Unit,2026-01-26,0.27
HHN-LON-02,Day Case Unit,2026-01-27,0.28
HHN-LON-02,Day Case Unit,2026-01-28,0.29
HHN-LON-02,Day Case Unit,2026-01-29,0.3
HHN-LON-02,Day Case Unit,2026-01-30,0.3
HHN-LON-02,General Medicine Ward A,2026-01-01,17.5
HHN-LON-02,General Medicine Ward A,2026-01-02,17.03
HHN-LON-02,General Medicine Ward A,2026-01-03,17.08
HHN-LON-02,General Medicine Ward A,2026-01-04,16.86
HHN-LON-02,General Medicine Ward A,2026-01-05,16.69
HHN-LON-02,General Medicine Ward A,2026-01-06,16.58
HHN-LON-02,General Medicine Ward A,2026-01-07,16.45
HHN-LON-02,General Medicine Ward A,2026-01-08,16.32
HHN-LON-02,General Medicine Ward A,2026-01-09,16.21
HHN-LON-02,General Medicine Ward A,2026-01-10,16.52
HHN-LON-02,General Medicine Ward A,2026-01-11,16.44
HHN-LON-02,General Medicine Ward A,2026-01-12,16.39
HHN-LON-02,General Medicine Ward A,2026-01-13,16.33
HHN-LON-02,General Medicine Ward A,2026-01-14,16.25
HHN-LON-02,General Medicine Ward A,2026-01-15,16.18
HHN-LON-02,General Medicine Ward A,2026-01-16,16.11
HHN-LON-02,General Medicine Ward A,2026-01-17,16.45
HHN-LON-02,General Medicine Ward A,2026-01-18,16.39
HHN-LON-02,General Medicine Ward A,2026-01-19,16.36
HHN-LON-02,General Medicine Ward A,2026-01-20,16.29
HHN-LON-02,General Medicine Ward A,2026-01-21,16.23
HHN-LON-02,General Medicine Ward A,2026-01-22,16.16
HHN-LON-02,General Medicine Ward A,2026-01-23,16.1
HHN-LON-02,General Medicine Ward A,2026-01-24,16.44
HHN-LON-02,General Medicine Ward A,2026-01-25,16.38
HHN-LON-02,General Medicine Ward A,2026-01-26,16.35
HHN-LON-02,General Medicine Ward A,2026-01-27,16.29
HHN-LON-02,General Medicine Ward A,2026-01-28,16.22
HHN-LON-02,General Medicine Ward A,2026-01-29,16.16
HHN-LON-02,General Medicine Ward A,2026-01-30,16.1
HHN-LON-02,General Medicine Ward B,2026-01-01,17.27
HHN-LON-02,General Medicine Ward B,2026-01-02,16.75
HHN-LON-02,General Medicine Ward B,2026-01-03,16.89
HHN-LON-02,General Medicine Ward B,2026-01-04,16.62
HHN-LON-02,General Medicine Ward B,2026-01-05,16.35
HHN-LON-02,General Medicine Ward B,2026-01-06,16.2
HHN-LON-02,General Medicine Ward B,2026-01-07,16.06
HHN-LON-02,General Medicine Ward B,2026-01-08,15.95
HHN-LON-02,General Medicine Ward B,2026-01-09,15.84
HHN-LON-02,General Medicine Ward B,2026-01-10,16.26
HHN-LON-02,General Medicine Ward B,2026-01-11,16.17
HHN-LON-02,General Medicine Ward B,2026-01-12,16.03
HHN-LON-02,General Medicine Ward B,2026-01-13,15.95
HHN-LON-02,General Medicine Ward B,2026-01-14,15.88
HHN-LON-02,General Medicine Ward B,2026-01-15,15.81
HHN-LON-02,General Medicine Ward B,2026-01-16,15.74
HHN-LON-02,General Medicine Ward B,2026-01-17,16.19
HHN-LON-02,General Medicine Ward B,2026-01-18,16.12
HHN-LON-02,General Medicine Ward B,2026-01-19,15.99
HHN-LON-02,General Medicine Ward B,2026-01-20,15.92
HHN-LON-02,General Medicine Ward B,2026-01-21,15.86
HHN-LON-02,General Medicine Ward B,2026-01-22,15.79
HHN-LON-02,General Medicine Ward B,2026-01-23,15.73
HHN-LON-02,General Medicine Ward B,2026-01-24,16.18
HHN-LON-02,General Medicine Ward B,2026-01-25,16.12
HHN-LON-02,General Medicine Ward B,2026-01-26,15.98
HHN-LON-02,General Medicine Ward B,2026-01-27,15.92
HHN-LON-02,General Medicine Ward B,2026-01-28,15.85
HHN-LON-02,General Medicine Ward B,2026-01-29,15.79
HHN-LON-02,General Medicine Ward B,2026-01-30,15.72
HHN-LON-02,Icu,2026-01-01,10.96
HHN-LON-02,Icu,2026-01-02,10.55
HHN-LON-02,Icu,2026-01-03,10.22
HHN-LON-02,Icu,2026-01-04,9.88
HHN-LON-02,Icu,2026-01-05,9.82
HHN-LON-02,Icu,2026-01-06,9.67
HHN-LON-02,Icu,2026-01-07,9.75
HHN-LON-02,Icu,2026-01-08,9.7
HHN-LON-02,Icu,2026-01-09,9.59
HHN-LON-02,Icu,2026-01-10,9.61
HHN-LON-02,Icu,2026-01-11,9.51
HHN-LON-02,Icu,2026-01-12,9.53
HHN-LON-02,Icu,2026-01-13,9.47
HHN-LON-02,Icu,2026-01-14,9.47
HHN-LON-02,Icu,2026-01-15,9.43
HHN-LON-02,Icu,2026-01-16,9.38
HHN-LON-02,Icu,2026-01-17,9.49
HHN-LON-02,Icu,2026-01-18,9.44
HHN-LON-02,Icu,2026-01-19,9.46
HHN-LON-02,Icu,2026-01-20,9.43
HHN-LON-02,Icu,2026-01-21,9.4
HHN-LON-02,Icu,2026-01-22,9.37
HHN-LON-02,Icu,2026-01-23,9.33
HHN-LON-02,Icu,2026-01-24,9.46
HHN-LON-02,Icu,2026-01-25,9.42
HHN-LON-02,Icu,2026-01-26,9.45
HHN-LON-02,Icu,2026-01-27,9.42
HHN-LON-02,Icu,2026-01-28,9.39
HHN-LON-02,Icu,2026-01-29,9.35
HHN-LON-02,Icu,2026-01-30,9.32
HHN-LON-02,Oncology Ward,2026-01-01,22.8
HHN-LON-02,Oncology Ward,2026-01-02,24.02
HHN-LON-02,Oncology Ward,2026-01-03,23.14
HHN-LON-02,Oncology Ward,2026-01-04,19.71
HHN-LON-02,Oncology Ward,2026-01-05,18.99
HHN-LON-02,Oncology Ward,2026-01-06,20.51
HHN-LON-02,Oncology Ward,2026-01-07,22.93
HHN-LON-02,Oncology Ward,2026-01-08,25.03
HHN-LON-02,Oncology Ward,2026-01-09,25.9
HHN-LON-02,Oncology Ward,2026-01-10,24.73
HHN-LON-02,Oncology Ward,2026-01-11,21.04
HHN-LON-02,Oncology Ward,2026-01-12,20.12
HHN-LON-02,Oncology Ward,2026-01-13,21.46
HHN-LON-02,Oncology Ward,2026-01-14,23.74
HHN-LON-02,Oncology Ward,2026-01-15,25.71
HHN-LON-02,Oncology Ward,2026-01-16,26.48
HHN-LON-02,Oncology Ward,2026-01-17,25.21
HHN-LON-02,Oncology Ward,2026-01-18,21.44
HHN-LON-02,Oncology Ward,2026-01-19,20.46
HHN-LON-02,Oncology Ward,2026-01-20,21.75
HHN-LON-02,Oncology Ward,2026-01-21,23.99
HHN-LON-02,Oncology Ward,2026-01-22,25.93
HHN-LON-02,Oncology Ward,2026-01-23,26.66
HHN-LON-02,Oncology Ward,2026-01-24,25.36
HHN-LON-02,Oncology Ward,2026-01-25,21.55
HHN-LON-02,Oncology Ward,2026-01-26,20.57
HHN-LON-02,Oncology Ward,2026-01-27,21.85
HHN-LON-02,Oncology Ward,2026-01-28,24.07
HHN-LON-02,Oncology Ward,2026-01-29,26.0
HHN-LON-02,Oncology Ward,2026-01-30,26.72
HHN-LON-02,Orthopaedics Ward A,2026-01-01,12.15
HHN-LON-02,Orthopaedics Ward A,2026-01-02,11.93
HHN-LON-02,Orthopaedics Ward A,2026-01-03,11.6
HHN-LON-02,Orthopaedics Ward A,2026-01-04,11.53
HHN-LON-02,Orthopaedics Ward A,2026-01-05,11.4
HHN-LON-02,Orthopaedics Ward A,2026-01-06,11.39
HHN-LON-02,Orthopaedics Ward A,2026-01-07,11.41
HHN-LON-02,Orthopaedics Ward A,2026-01-08,11.43
HHN-LON-02,Orthopaedics Ward A,2026-01-09,11.45
HHN-LON-02,Orthopaedics Ward A,2026-01-10,11.27
HHN-LON-02,Orthopaedics Ward A,2026-01-11,11.3
HHN-LON-02,Orthopaedics Ward A,2026-01-12,11.26
HHN-LON-02,Orthopaedics Ward A,2026-01-13,11.3
HHN-LON-02,Orthopaedics Ward A,2026-01-14,11.34
HHN-LON-02,Orthopaedics Ward A,2026-01-15,11.37
HHN-LON-02,Orthopaedics Ward A,2026-01-16,11.41
HHN-LON-02,Orthopaedics Ward A,2026-01-17,11.24
HHN-LON-02,Orthopaedics Ward A,2026-01-18,11.28
HHN-LON-02,Orthopaedics Ward A,2026-01-19,11.25
HHN-LON-02,Orthopaedics Ward A,2026-01-20,11.29
HHN-LON-02,Orthopaedics Ward A,2026-01-21,11.33
HHN-LON-02,Orthopaedics Ward A,2026-01-22,11.37
HHN-LON-02,Orthopaedics Ward A,2026-01-23,11.41
HHN-LON-02,Orthopaedics Ward A,2026-01-24,11.24
HHN-LON-02,Orthopaedics Ward A,2026-01-25,11.28
HHN-LON-02,Orthopaedics Ward A,2026-01-26,11.25
HHN-LON-02,Orthopaedics Ward A,2026-01-27,11.29
HHN-LON-02,Orthopaedics Ward A,2026-01-28,11.33
HHN-LON-02,Orthopaedics Ward A,2026-01-29,11.37
HHN-LON-02,Orthopaedics Ward A,2026-01-30,11.41
HHN-LON-02,Orthopaedics Ward B,2026-01-01,11.55
HHN-LON-02,Orthopaedics Ward B,2026-01-02,11.43
HHN-LON-02,Orthopaedics Ward B,2026-01-03,11.55
HHN-LON-02,Orthopaedics Ward B,2026-01-04,11.52
HHN-LON-02,Orthopaedics Ward B,2026-01-05,11.16
HHN-LON-02,Orthopaedics Ward B,2026-01-06,11.15
HHN-LON-02,Orthopaedics Ward B,2026-01-07,11.16
HHN-LON-02,Orthopaedics Ward B,2026-01-08,11.17
HHN-LON-02,Orthopaedics Ward B,2026-01-09,11.19
HHN-LON-02,Orthopaedics Ward B,2026-01-10,11.41
HHN-LON-02,Orthopaedics Ward B,2026-01-11,11.43
HHN-LON-02,Orthopaedics Ward B,2026-01-12,11.09
HHN-LON-02,Orthopaedics Ward B,2026-01-13,11.11
HHN-LON-02,Orthopaedics Ward B,2026-01-14,11.14
HHN-LON-02,Orthopaedics Ward B,2026-01-15,11.16
HHN-LON-02,Orthopaedics Ward B,2026-01-16,11.18
HHN-LON-02,Orthopaedics Ward B,2026-01-17,11.4
HHN-LON-02,Orthopaedics Ward B,2026-01-18,11.42
HHN-LON-02,Orthopaedics Ward B,2026-01-19,11.09
HHN-LON-02,Orthopaedics Ward B,2026-01-20,11.11
HHN-LON-02,Orthopaedics Ward B,2026-01-21,11.14
HHN-LON-02,Orthopaedics Ward B,2026-01-22,11.16
HHN-LON-02,Orthopaedics Ward B,2026-01-23,11.18
HHN-LON-02,Orthopaedics Ward B,2026-01-24,11.4
HHN-LON-02,Orthopaedics Ward B,2026-01-25,11.42
HHN-LON-02,Orthopaedics Ward B,2026-01-26,11.09
HHN-LON-02,Orthopaedics Ward B,2026-01-27,11.11
HHN-LON-02,Orthopaedics Ward B,2026-01-28,11.14
HHN-LON-02,Orthopaedics Ward B,2026-01-29,11.16
HHN-LON-02,Orthopaedics Ward B,2026-01-30,11.18
HHN-MAN-01,Cardiology Ward,2026-01-01,23.46
HHN-MAN-01,Cardiology Ward,2026-01-02,22.7
HHN-MAN-01,Cardiology Ward,2026-01-03,21.27
HHN-MAN-01,Cardiology Ward,2026-01-04,20.96
HHN-MAN-01,Cardiology Ward,2026-01-05,20.54
HHN-MAN-01,Cardiology Ward,2026-01-06,20.26
HHN-MAN-01,Cardiology Ward,2026-01-07,20.69
HHN-MAN-01,Cardiology Ward,2026-01-08,20.74
HHN-MAN-01,Cardiology Ward,2026-01-09,20.66
HHN-MAN-01,Cardiology Ward,2026-01-10,19.6
HHN-MAN-01,Cardiology Ward,2026-01-11,19.63
HHN-MAN-01,Cardiology Ward,2026-01-12,19.68
HHN-MAN-01,Cardiology Ward,2026-01-13,19.72
HHN-MAN-01,Cardiology Ward,2026-01-14,19.96
HHN-MAN-01,Cardiology Ward,2026-01-15,20.08
HHN-MAN-01,Cardiology Ward,2026-01-16,20.17
HHN-MAN-01,Cardiology Ward,2026-01-17,19.18
HHN-MAN-01,Cardiology Ward,2026-01-18,19.29
HHN-MAN-01,Cardiology Ward,2026-01-19,19.47
HHN-MAN-01,Cardiology Ward,2026-01-20,19.59
HHN-MAN-01,Cardiology Ward,2026-01-21,19.76
HHN-MAN-01,Cardiology Ward,2026-01-22,19.9
HHN-MAN-01,Cardiology Ward,2026-01-23,20.03
HHN-MAN-01,Cardiology Ward,2026-01-24,19.06
HHN-MAN-01,Cardiology Ward,2026-01-25,19.2
HHN-MAN-01,Cardiology Ward,2026-01-26,19.41
HHN-MAN-01,Cardiology Ward,2026-01-27,19.55
HHN-MAN-01,Cardiology Ward,2026-01-28,19.7
HHN-MAN-01,Cardiology Ward,2026-01-29,19.85
HHN-MAN-01,Cardiology Ward,2026-01-30,19.99
HHN-MAN-01,Day Case Unit,2026-01-01,0.79
HHN-MAN-01,Day Case Unit,2026-01-02,0.78
HHN-MAN-01,Day Case Unit,2026-01-03,0.8
HHN-MAN-01,Day Case Unit,2026-01-04,0.78
HHN-MAN-01,Day Case Unit,2026-01-05,0.82
HHN-MAN-01,Day Case Unit,2026-01-06,0.78
HHN-MAN-01,Day Case Unit,2026-01-07,0.78
HHN-MAN-01,Day Case Unit,2026-01-08,0.78
HHN-MAN-01,Day Case Unit,2026-01-09,0.77
HHN-MAN-01,Day Case Unit,2026-01-10,0.82
HHN-MAN-01,Day Case Unit,2026-01-11,0.81
HHN-MAN-01,Day Case Unit,2026-01-12,0.81
HHN-MAN-01,Day Case Unit,2026-01-13,0.81
HHN-MAN-01,Day Case Unit,2026-01-14,0.79
HHN-MAN-01,Day Case Unit,2026-01-15,0.78
HHN-MAN-01,Day Case Unit,2026-01-16,0.77
HHN-MAN-01,Day Case Unit,2026-01-17,0.82
HHN-MAN-01,Day Case Unit,2026-01-18,0.81
HHN-MAN-01,Day Case Unit,2026-01-19,0.81
HHN-MAN-01,Day Case Unit,2026-01-20,0.8
HHN-MAN-01,Day Case Unit,2026-01-21,0.79
HHN-MAN-01,Day Case Unit,2026-01-22,0.78
HHN-MAN-01,Day Case Unit,2026-01-23,0.77
HHN-MAN-01,Day Case Unit,2026-01-24,0.82
HHN-MAN-01,Day Case Unit,2026-01-25,0.81
HHN-MAN-01,Day Case Unit,2026-01-26,0.81
HHN-MAN-01,Day Case Unit,2026-01-27,0.8
HHN-MAN-01,Day Case Unit,2026-01-28,0.79
HHN-MAN-01,Day Case Unit,2026-01-29,0.78
HHN-MAN-01,Day Case Unit,2026-01-30,0.77
HHN-MAN-01,General Medicine Ward A,2026-01-01,20.99
HHN-MAN-01,General Medicine Ward A,2026-01-02,20.18
HHN-MAN-01,General Medicine Ward A,2026-01-03,20.13
HHN-MAN-01,General Medicine Ward A,2026-01-04,19.5
HHN-MAN-01,General Medicine Ward A,2026-01-05,19.35
HHN-MAN-01,General Medicine Ward A,2026-01-06,19.12
HHN-MAN-01,General Medicine Ward A,2026-01-07,18.96
HHN-MAN-01,General Medicine Ward A,2026-01-08,18.73
HHN-MAN-01,General Medicine Ward A,2026-01-09,18.54
HHN-MAN-01,General Medicine Ward A,2026-01-10,18.86
HHN-MAN-01,General Medicine Ward A,2026-01-11,18.7
HHN-MAN-01,General Medicine Ward A,2026-01-12,18.65
HHN-MAN-01,General Medicine Ward A,2026-01-13,18.56
HHN-MAN-01,General Medicine Ward A,2026-01-14,18.48
HHN-MAN-01,General Medicine Ward A,2026-01-15,18.38
HHN-MAN-01,General Medicine Ward A,2026-01-16,18.29
HHN-MAN-01,General Medicine Ward A,2026-01-17,18.66
HHN-MAN-01,General Medicine Ward A,2026-01-18,18.58
HHN-MAN-01,General Medicine Ward A,2026-01-19,18.54
HHN-MAN-01,General Medicine Ward A,2026-01-20,18.47
HHN-MAN-01,General Medicine Ward A,2026-01-21,18.39
HHN-MAN-01,General Medicine Ward A,2026-01-22,18.32
HHN-MAN-01,General Medicine Ward A,2026-01-23,18.24
HHN-MAN-01,General Medicine Ward A,2026-01-24,18.63
HHN-MAN-01,General Medicine Ward A,2026-01-25,18.56
HHN-MAN-01,General Medicine Ward A,2026-01-26,18.52
HHN-MAN-01,General Medicine Ward A,2026-01-27,18.45
HHN-MAN-01,General Medicine Ward A,2026-01-28,18.38
HHN-MAN-01,General Medicine Ward A,2026-01-29,18.31
HHN-MAN-01,General Medicine Ward A,2026-01-30,18.24
HHN-MAN-01,General Medicine Ward B,2026-01-01,19.71
HHN-MAN-01,General Medicine Ward B,2026-01-02,19.23
HHN-MAN-01,General Medicine Ward B,2026-01-03,19.0
HHN-MAN-01,General Medicine Ward B,2026-01-04,18.74
HHN-MAN-01,General Medicine Ward B,2026-01-05,18.58
HHN-MAN-01,General Medicine Ward B,2026-01-06,18.43
HHN-MAN-01,General Medicine Ward B,2026-01-07,18.32
HHN-MAN-01,General Medicine Ward B,2026-01-08,18.22
HHN-MAN-01,General Medicine Ward B,2026-01-09,18.15
HHN-MAN-01,General Medicine Ward B,2026-01-10,18.18
HHN-MAN-01,General Medicine Ward B,2026-01-11,18.13
HHN-MAN-01,General Medicine Ward B,2026-01-12,18.12
HHN-MAN-01,General Medicine Ward B,2026-01-13,18.09
HHN-MAN-01,General Medicine Ward B,2026-01-14,18.06
HHN-MAN-01,General Medicine Ward B,2026-01-15,18.03
HHN-MAN-01,General Medicine Ward B,2026-01-16,18.01
HHN-MAN-01,General Medicine Ward B,2026-01-17,18.07
HHN-MAN-01,General Medicine Ward B,2026-01-18,18.05
HHN-MAN-01,General Medicine Ward B,2026-01-19,18.06
HHN-MAN-01,General Medicine Ward B,2026-01-20,18.04
HHN-MAN-01,General Medicine Ward B,2026-01-21,18.02
HHN-MAN-01,General Medicine Ward B,2026-01-22,18.01
HHN-MAN-01,General Medicine Ward B,2026-01-23,17.99
HHN-MAN-01,General Medicine Ward B,2026-01-24,18.06
HHN-MAN-01,General Medicine Ward B,2026-01-25,18.04
HHN-MAN-01,General Medicine Ward B,2026-01-26,18.05
HHN-MAN-01,General Medicine Ward B,2026-01-27,18.04
HHN-MAN-01,General Medicine Ward B,2026-01-28,18.02
HHN-MAN-01,General Medicine Ward B,2026-01-29,18.0
HHN-MAN-01,General Medicine Ward B,2026-01-30,17.99
HHN-MAN-01,Icu,2026-01-01,8.28
HHN-MAN-01,Icu,2026-01-02,8.4
HHN-MAN-01,Icu,2026-01-03,8.37
HHN-MAN-01,Icu,2026-01-04,8.44
HHN-MAN-01,Icu,2026-01-05,8.53
HHN-MAN-01,Icu,2026-01-06,8.58
HHN-MAN-01,Icu,2026-01-07,8.58
HHN-MAN-01,Icu,2026-01-08,8.61
HHN-MAN-01,Icu,2026-01-09,8.64
HHN-MAN-01,Icu,2026-01-10,8.53
HHN-MAN-01,Icu,2026-01-11,8.55
HHN-MAN-01,Icu,2026-01-12,8.6
HHN-MAN-01,Icu,2026-01-13,8.62
HHN-MAN-01,Icu,2026-01-14,8.64
HHN-MAN-01,Icu,2026-01-15,8.66
HHN-MAN-01,Icu,2026-01-16,8.68
HHN-MAN-01,Icu,2026-01-17,8.55
HHN-MAN-01,Icu,2026-01-18,8.57
HHN-MAN-01,Icu,2026-01-19,8.61
HHN-MAN-01,Icu,2026-01-20,8.63
HHN-MAN-01,Icu,2026-01-21,8.65
HHN-MAN-01,Icu,2026-01-22,8.67
HHN-MAN-01,Icu,2026-01-23,8.69
HHN-MAN-01,Icu,2026-01-24,8.55
HHN-MAN-01,Icu,2026-01-25,8.57
HHN-MAN-01,Icu,2026-01-26,8.61
HHN-MAN-01,Icu,2026-01-27,8.63
HHN-MAN-01,Icu,2026-01-28,8.65
HHN-MAN-01,Icu,2026-01-29,8.67
HHN-MAN-01,Icu,2026-01-30,8.69
HHN-MAN-01,Oncology Ward,2026-01-01,18.52
HHN-MAN-01,Oncology Ward,2026-01-02,17.86
HHN-MAN-01,Oncology Ward,2026-01-03,17.79
HHN-MAN-01,Oncology Ward,2026-01-04,17.72
HHN-MAN-01,Oncology Ward,2026-01-05,17.22
HHN-MAN-01,Oncology Ward,2026-01-06,17.33
HHN-MAN-01,Oncology Ward,2026-01-07,17.34
HHN-MAN-01,Oncology Ward,2026-01-08,17.18
HHN-MAN-01,Oncology Ward,2026-01-09,17.04
HHN-MAN-01,Oncology Ward,2026-01-10,17.07
HHN-MAN-01,Oncology Ward,2026-01-11,17.11
HHN-MAN-01,Oncology Ward,2026-01-12,16.76
HHN-MAN-01,Oncology Ward,2026-01-13,16.86
HHN-MAN-01,Oncology Ward,2026-01-14,16.9
HHN-MAN-01,Oncology Ward,2026-01-15,16.89
HHN-MAN-01,Oncology Ward,2026-01-16,16.88
HHN-MAN-01,Oncology Ward,2026-01-17,16.92
HHN-MAN-01,Oncology Ward,2026-01-18,16.97
HHN-MAN-01,Oncology Ward,2026-01-19,16.65
HHN-MAN-01,Oncology Ward,2026-01-20,16.72
HHN-MAN-01,Oncology Ward,2026-01-21,16.78
HHN-MAN-01,Oncology Ward,2026-01-22,16.81
HHN-MAN-01,Oncology Ward,2026-01-23,16.85
HHN-MAN-01,Oncology Ward,2026-01-24,16.87
HHN-MAN-01,Oncology Ward,2026-01-25,16.93
HHN-MAN-01,Oncology Ward,2026-01-26,16.62
HHN-MAN-01,Oncology Ward,2026-01-27,16.68
HHN-MAN-01,Oncology Ward,2026-01-28,16.74
HHN-MAN-01,Oncology Ward,2026-01-29,16.79
HHN-MAN-01,Oncology Ward,2026-01-30,16.83
HHN-MAN-01,Orthopaedics Ward A,2026-01-01,13.7
HHN-MAN-01,Orthopaedics Ward A,2026-01-02,14.9
HHN-MAN-01,Orthopaedics Ward A,2026-01-03,14.4
HHN-MAN-01,Orthopaedics Ward A,2026-01-04,14.54
HHN-MAN-01,Orthopaedics Ward A,2026-01-05,14.82
HHN-MAN-01,Orthopaedics Ward A,2026-01-06,15.99
HHN-MAN-01,Orthopaedics Ward A,2026-01-07,17.15
HHN-MAN-01,Orthopaedics Ward A,2026-01-08,18.54
HHN-MAN-01,Orthopaedics Ward A,2026-01-09,18.87
HHN-MAN-01,Orthopaedics Ward A,2026-01-10,17.63
HHN-MAN-01,Orthopaedics Ward A,2026-01-11,17.23
HHN-MAN-01,Orthopaedics Ward A,2026-01-12,17.07
HHN-MAN-01,Orthopaedics Ward A,2026-01-13,17.82
HHN-MAN-01,Orthopaedics Ward A,2026-01-14,18.64
HHN-MAN-01,Orthopaedics Ward A,2026-01-15,19.71
HHN-MAN-01,Orthopaedics Ward A,2026-01-16,19.84
HHN-MAN-01,Orthopaedics Ward A,2026-01-17,18.4
HHN-MAN-01,Orthopaedics Ward A,2026-01-18,17.89
HHN-MAN-01,Orthopaedics Ward A,2026-01-19,17.66
HHN-MAN-01,Orthopaedics Ward A,2026-01-20,18.29
HHN-MAN-01,Orthopaedics Ward A,2026-01-21,19.0
HHN-MAN-01,Orthopaedics Ward A,2026-01-22,19.98
HHN-MAN-01,Orthopaedics Ward A,2026-01-23,20.06
HHN-MAN-01,Orthopaedics Ward A,2026-01-24,18.55
HHN-MAN-01,Orthopaedics Ward A,2026-01-25,18.05
HHN-MAN-01,Orthopaedics Ward A,2026-01-26,17.82
HHN-MAN-01,Orthopaedics Ward A,2026-01-27,18.42
HHN-MAN-01,Orthopaedics Ward A,2026-01-28,19.09
HHN-MAN-01,Orthopaedics Ward A,2026-01-29,20.01
HHN-MAN-01,Orthopaedics Ward A,2026-01-30,20.09
HHN-MAN-01,Orthopaedics Ward B,2026-01-01,20.06
HHN-MAN-01,Orthopaedics Ward B,2026-01-02,20.36
HHN-MAN-01,Orthopaedics Ward B,2026-01-03,18.24
HHN-MAN-01,Orthopaedics Ward B,2026-01-04,18.06
HHN-MAN-01,Orthopaedics Ward B,2026-01-05,18.13
HHN-MAN-01,Orthopaedics Ward B,2026-01-06,19.45
HHN-MAN-01,Orthopaedics Ward B,2026-01-07,19.81
HHN-MAN-01,Orthopaedics Ward B,2026-01-08,20.22
HHN-MAN-01,Orthopaedics Ward B,2026-01-09,20.66
HHN-MAN-01,Orthopaedics Ward B,2026-01-10,18.28
HHN-MAN-01,Orthopaedics Ward B,2026-01-11,18.52
HHN-MAN-01,Orthopaedics Ward B,2026-01-12,18.36
HHN-MAN-01,Orthopaedics Ward B,2026-01-13,19.27
HHN-MAN-01,Orthopaedics Ward B,2026-01-14,19.74
HHN-MAN-01,Orthopaedics Ward B,2026-01-15,20.25
HHN-MAN-01,Orthopaedics Ward B,2026-01-16,20.76
HHN-MAN-01,Orthopaedics Ward B,2026-01-17,18.28
HHN-MAN-01,Orthopaedics Ward B,2026-01-18,18.7
HHN-MAN-01,Orthopaedics Ward B,2026-01-19,18.45
HHN-MAN-01,Orthopaedics Ward B,2026-01-20,19.17
HHN-MAN-01,Orthopaedics Ward B,2026-01-21,19.7
HHN-MAN-01,Orthopaedics Ward B,2026-01-22,20.25
HHN-MAN-01,Orthopaedics Ward B,2026-01-23,20.8
HHN-MAN-01,Orthopaedics Ward B,2026-01-24,18.27
HHN-MAN-01,Orthopaedics Ward B,2026-01-25,18.78
HHN-MAN-01,Orthopaedics Ward B,2026-01-26,18.49
HHN-MAN-01,Orthopaedics Ward B,2026-01-27,19.13
HHN-MAN-01,Orthopaedics Ward B,2026-01-28,19.69
HHN-MAN-01,Orthopaedics Ward B,2026-01-29,20.25
HHN-MAN-01,Orthopaedics Ward B,2026-01-30,20.81
