hospital_id,ward,date,predicted_occupied_beds,planned_staff,actual_staff,safe_ratio_met,staffing_ratio,staffing_risk
HHN-BIR-01,Cardiology Ward,2026-01-01,14.98,20.0,20.0,Yes,1.0,Feasible
HHN-BIR-01,Cardiology Ward,2026-01-02,14.38,20.0,20.0,Yes,1.0,Feasible
HHN-BIR-01,Cardiology Ward,2026-01-03,14.53,20.0,20.0,Yes,1.0,Feasible
HHN-BIR-01,Cardiology Ward,2026-01-04,13.69,20.0,20.0,Yes,1.0,Feasible
HHN-BIR-01,Cardiology Ward,2026-01-05,12.76,20.0,20.0,Yes,1.0,Feasible
HHN-BIR-01,Cardiology Ward,2026-01-06,12.95,20.0,20.0,Yes,1.0,Feasible
HHN-BIR-01,Cardiology Ward,2026-01-07,12.63,20.0,20.0,Yes,1.0,Feasible
HHN-BIR-01,Cardiology Ward,2026-01-08,12.41,20.0,20.0,Yes,1.0,Feasible
HHN-BIR-01,Cardiology Ward,2026-01-09,12.29,20.0,20.0,Yes,1.0,Feasible
HHN-BIR-01,Cardiology Ward,2026-01-10,12.3,20.0,20.0,Yes,1.0,Feasible
HHN-BIR-01,Cardiology Ward,2026-01-11,12.29,20.0,20.0,Yes,1.0,Feasible
HHN-BIR-01,Cardiology Ward,2026-01-12,12.31,20.0,20.0,Yes,1.0,Feasible
HHN-BIR-01,Cardiology Ward,2026-01-13,12.76,20.0,20.0,Yes,1.0,Feasible
HHN-BIR-01,Cardiology Ward,2026-01-14,12.76,20.0,20.0,Yes,1.0,Feasible
HHN-BIR-01,Cardiology Ward,2026-01-15,12.61,20.0,20.0,Yes,1.0,Feasible
HHN-BIR-01,Cardiology Ward,2026-01-16,12.47,20.0,20.0,Yes,1.0,Feasible
HHN-BIR-01,Cardiology Ward,2026-01-17,12.47,20.0,20.0,Yes,1.0,Feasible
HHN-BIR-01,Cardiology Ward,2026-01-18,12.39,20.0,20.0,Yes,1.0,Feasible
HHN-BIR-01,Cardiology Ward,2026-01-19,12.31,20.0,20.0,Yes,1.0,Feasible
HHN-BIR-01,Cardiology Ward,2026-01-20,12.76,20.0,20.0,Yes,1.0,Feasible
HHN-BIR-01,Cardiology Ward,2026-01-21,12.76,20.0,20.0,Yes,1.0,Feasible
HHN-BIR-01,Cardiology Ward,2026-01-22,12.61,20.0,20.0,Yes,1.0,Feasible
HHN-BIR-01,Cardiology Ward,2026-01-23,12.47,20.0,20.0,Yes,1.0,Feasible
HHN-BIR-01,Cardiology Ward,2026-01-24,12.47,20.0,20.0,Yes,1.0,Feasible
HHN-BIR-01,Cardiology Ward,2026-01-25,12.39,20.0,20.0,Yes,1.0,Feasible
HHN-BIR-01,Cardiology Ward,2026-01-26,12.31,20.0,20.0,Yes,1.0,Feasible
HHN-BIR-01,Cardiology Ward,2026-01-27,12.76,20.0,20.0,Yes,1.0,Feasible
HHN-BIR-01,Cardiology Ward,2026-01-28,12.76,20.0,20.0,Yes,1.0,Feasible
HHN-BIR-01,Cardiology Ward,2026-01-29,12.61,20.0,20.0,Yes,1.0,Feasible
HHN-BIR-01,Cardiology Ward,2026-01-30,12.47,20.0,20.0,Yes,1.0,Feasible
HHN-BIR-01,Day Case Unit,2026-01-01,-0.0,1.0,1.0,Yes,1.0,Feasible
HHN-BIR-01,Day Case Unit,2026-01-02,0.21,1.0,1.0,Yes,1.0,Feasible
HHN-BIR-01,Day Case Unit,2026-01-03,-0.02,1.0,1.0,Yes,1.0,Feasible
HHN-BIR-01,Day Case Unit,2026-01-04,-0.02,1.0,1.0,Yes,1.0,Feasible
HHN-BIR-01,Day Case Unit,2026-01-05,0.22,1.0,1.0,Yes,1.0,Feasible
HHN-BIR-01,Day Case Unit,2026-01-06,0.27,1.0,1.0,Yes,1.0,Feasible
HHN-BIR-01,Day Case Unit,2026-01-07,0.3,1.0,1.0,Yes,1.0,Feasible
HHN-BIR-01,Day Case Unit,2026-01-08,0.26,1.0,1.0,Yes,1.0,Feasible
HHN-BIR-01,Day Case Unit,2026-01-09,0.03,1.0,1.0,Yes,1.0,Feasible
HHN-BIR-01,Day Case Unit,2026-01-10,0.04,1.0,1.0,Yes,1.0,Feasible
HHN-BIR-01,Day Case Unit,2026-01-11,0.02,1.0,1.0,Yes,1.0,Feasible
HHN-BIR-01,Day Case Unit,2026-01-12,0.02,1.0,1.0,Yes,1.0,Feasible
HHN-BIR-01,Day Case Unit,2026-01-13,0.27,1.0,1.0,Yes,1.0,Feasible
HHN-BIR-01,Day Case Unit,2026-01-14,0.3,1.0,1.0,Yes,1.0,Feasible
HHN-BIR-01,Day Case Unit,2026-01-15,0.26,1.0,1.0,Yes,1.0,Feasible
HHN-BIR-01,Day Case Unit,2026-01-16,0.25,1.0,1.0,Yes,1.0,Feasible
HHN-BIR-01,Day Case Unit,2026-01-17,0.04,1.0,1.0,Yes,1.0,Feasible
HHN-BIR-01,Day Case Unit,2026-01-18,0.02,1.0,1.0,Yes,1.0,Feasible
HHN-BIR-01,Day Case Unit,2026-01-19,0.02,1.0,1.0,Yes,1.0,Feasible
HHN-BIR-01,Day Case Unit,2026-01-20,0.02,1.0,1.0,Yes,1.0,Feasible
HHN-BIR-01,Day Case Unit,2026-01-21,0.3,1.0,1.0,Yes,1.0,Feasible
HHN-BIR-01,Day Case Unit,2026-01-22,0.26,1.0,1.0,Yes,1.0,Feasible
HHN-BIR-01,Day Case Unit,2026-01-23,0.25,1.0,1.0,Yes,1.0,Feasible
HHN-BIR-01,Day Case Unit,2026-01-24,0.26,1.0,1.0,Yes,1.0,Feasible
HHN-BIR-01,Day Case Unit,2026-01-25,0.02,1.0,1.0,Yes,1.0,Feasible
HHN-BIR-01,Day Case Unit,2026-01-26,0.02,1.0,1.0,Yes,1.0,Feasible
HHN-BIR-01,Day Case Unit,2026-01-27,0.02,1.0,1.0,Yes,1.0,Feasible
HHN-BIR-01,Day Case Unit,2026-01-28,0.05,1.0,1.0,Yes,1.0,Feasible
HHN-BIR-01,Day Case Unit,2026-01-29,0.26,1.0,1.0,Yes,1.0,Feasible
HHN-BIR-01,Day Case Unit,2026-01-30,0.25,1.0,1.0,Yes,1.0,Feasible
HHN-BIR-01,General Medicine Ward A,2026-01-01,15.94,6.0,6.0,Yes,1.0,Feasible
HHN-BIR-01,General Medicine Ward A,2026-01-02,15.31,6.0,6.0,Yes,1.0,Feasible
HHN-BIR-01,General Medicine Ward A,2026-01-03,15.28,6.0,6.0,Yes,1.0,Feasible
HHN-BIR-01,General Medicine Ward A,2026-01-04,15.21,6.0,6.0,Yes,1.0,Feasible
HHN-BIR-01,General Medicine Ward A,2026-01-05,14.97,6.0,6.0,Yes,1.0,Feasible
HHN-BIR-01,General Medicine Ward A,2026-01-06,14.29,6.0,6.0,Yes,1.0,Feasible
HHN-BIR-01,General Medicine Ward A,2026-01-07,14.59,6.0,6.0,Yes,1.0,Feasible
HHN-BIR-01,General Medicine Ward A,2026-01-08,14.62,6.0,6.0,Yes,1.0,Feasible
HHN-BIR-01,General Medicine Ward A,2026-01-09,14.62,6.0,6.0,Yes,1.0,Feasible
HHN-BIR-01,General Medicine Ward A,2026-01-10,14.86,6.0,6.0,Yes,1.0,Feasible
HHN-BIR-01,General Medicine Ward A,2026-01-11,14.86,6.0,6.0,Yes,1.0,Feasible
HHN-BIR-01,General Medicine Ward A,2026-01-12,15.23,6.0,6.0,Yes,1.0,Feasible
HHN-BIR-01,General Medicine Ward A,2026-01-13,15.67,6.0,6.0,Yes,1.0,Feasible
HHN-BIR-01,General Medicine Ward A,2026-01-14,15.67,6.0,6.0,Yes,1.0,Feasible
HHN-BIR-01,General Medicine Ward A,2026-01-15,15.68,6.0,6.0,Yes,1.0,Feasible
HHN-BIR-01,General Medicine Ward A,2026-01-16,15.66,6.0,6.0,Yes,1.0,Feasible
HHN-BIR-01,General Medicine Ward A,2026-01-17,15.67,6.0,6.0,Yes,1.0,Feasible
HHN-BIR-01,General Medicine Ward A,2026-01-18,15.5,6.0,6.0,Yes,1.0,Feasible
HHN-BIR-01,General Medicine Ward A,2026-01-19,15.45,6.0,6.0,Yes,1.0,Feasible
HHN-BIR-01,General Medicine Ward A,2026-01-20,15.74,6.0,6.0,Yes,1.0,Feasible
HHN-BIR-01,General Medicine Ward A,2026-01-21,15.75,6.0,6.0,Yes,1.0,Feasible
HHN-BIR-01,General Medicine Ward A,2026-01-22,15.77,6.0,6.0,Yes,1.0,Feasible
HHN-BIR-01,General Medicine Ward A,2026-01-23,15.75,6.0,6.0,Yes,1.0,Feasible
HHN-BIR-01,General Medicine Ward A,2026-01-24,15.79,6.0,6.0,Yes,1.0,Feasible
HHN-BIR-01,General Medicine Ward A,2026-01-25,15.78,6.0,6.0,Yes,1.0,Feasible
HHN-BIR-01,General Medicine Ward A,2026-01-26,15.45,6.0,6.0,Yes,1.0,Feasible
HHN-BIR-01,General Medicine Ward A,2026-01-27,15.74,6.0,6.0,Yes,1.0,Feasible
HHN-BIR-01,General Medicine Ward A,2026-01-28,15.75,6.0,6.0,Yes,1.0,Feasible
HHN-BIR-01,General Medicine Ward A,2026-01-29,15.77,6.0,6.0,Yes,1.0,Feasible
HHN-BIR-01,General Medicine Ward A,2026-01-30,15.75,6.0,6.0,Yes,1.0,Feasible
HHN-BIR-01,General Medicine Ward B,2026-01-01,16.2,6.0,6.0,Yes,1.0,Feasible
HHN-BIR-01,General Medicine Ward B,2026-01-02,16.21,6.0,6.0,Yes,1.0,Feasible
HHN-BIR-01,General Medicine Ward B,2026-01-03,16.06,6.0,6.0,Yes,1.0,Feasible
HHN-BIR-01,General Medicine Ward B,2026-01-04,15.87,6.0,6.0,Yes,1.0,Feasible
HHN-BIR-01,General Medicine Ward B,2026-01-05,15.02,6.0,6.0,Yes,1.0,Feasible
HHN-BIR-01,General Medicine Ward B,2026-01-06,15.03,6.0,6.0,Yes,1.0,Feasible
HHN-BIR-01,General Medicine Ward B,2026-01-07,14.52,6.0,6.0,Yes,1.0,Feasible
HHN-BIR-01,General Medicine Ward B,2026-01-08,12.06,6.0,6.0,Yes,1.0,Feasible
HHN-BIR-01,General Medicine Ward B,2026-01-09,10.59,6.0,6.0,Yes,1.0,Feasible
HHN-BIR-01,General Medicine Ward B,2026-01-10,9.72,6.0,6.0,Yes,1.0,Feasible
HHN-BIR-01,General Medicine Ward B,2026-01-11,9.71,6.0,6.0,Yes,1.0,Feasible
HHN-BIR-01,General Medicine Ward B,2026-01-12,9.46,6.0,6.0,Yes,1.0,Feasible
HHN-BIR-01,General Medicine Ward B,2026-01-13,10.48,6.0,6.0,Yes,1.0,Feasible
HHN-BIR-01,General Medicine Ward B,2026-01-14,10.27,6.0,6.0,Yes,1.0,Feasible
HHN-BIR-01,General Medicine Ward B,2026-01-15,11.02,6.0,6.0,Yes,1.0,Feasible
HHN-BIR-01,General Medicine Ward B,2026-01-16,11.81,6.0,6.0,Yes,1.0,Feasible
HHN-BIR-01,General Medicine Ward B,2026-01-17,11.43,6.0,6.0,Yes,1.0,Feasible
HHN-BIR-01,General Medicine Ward B,2026-01-18,11.19,6.0,6.0,Yes,1.0,Feasible
HHN-BIR-01,General Medicine Ward B,2026-01-19,11.58,6.0,6.0,Yes,1.0,Feasible
HHN-BIR-01,General Medicine Ward B,2026-01-20,11.6,6.0,6.0,Yes,1.0,Feasible
HHN-BIR-01,General Medicine Ward B,2026-01-21,11.71,6.0,6.0,Yes,1.0,Feasible
HHN-BIR-01,General Medicine Ward B,2026-01-22,11.78,6.0,6.0,Yes,1.0,Feasible
HHN-BIR-01,General Medicine Ward B,2026-01-23,11.96,6.0,6.0,Yes,1.0,Feasible
HHN-BIR-01,General Medicine Ward B,2026-01-24,11.96,6.0,6.0,Yes,1.0,Feasible
HHN-BIR-01,General Medicine Ward B,2026-01-25,11.99,6.0,6.0,Yes,1.0,Feasible
HHN-BIR-01,General Medicine Ward B,2026-01-26,11.88,6.0,6.0,Yes,1.0,Feasible
HHN-BIR-01,General Medicine Ward B,2026-01-27,11.88,6.0,6.0,Yes,1.0,Feasible
HHN-BIR-01,General Medicine Ward B,2026-01-28,11.99,6.0,6.0,Yes,1.0,Feasible
HHN-BIR-01,General Medicine Ward B,2026-01-29,11.97,6.0,6.0,Yes,1.0,Feasible
HHN-BIR-01,General Medicine Ward B,2026-01-30,11.84,6.0,6.0,Yes,1.0,Feasible
HHN-BIR-01,Icu,2026-01-01,8.57,,,,,Feasible
HHN-BIR-01,Icu,2026-01-02,7.81,,,,,Feasible
HHN-BIR-01,Icu,2026-01-03,5.89,,,,,Feasible
HHN-BIR-01,Icu,2026-01-04,5.77,,,,,Feasible
HHN-BIR-01,Icu,2026-01-05,5.44,,,,,Feasible
HHN-BIR-01,Icu,2026-01-06,6.03,,,,,Feasible
HHN-BIR-01,Icu,2026-01-07,6.87,,,,,Feasible
HHN-BIR-01,Icu,2026-01-08,6.83,,,,,Feasible
HHN-BIR-01,Icu,2026-01-09,6.75,,,,,Feasible
HHN-BIR-01,Icu,2026-01-10,6.46,,,,,Feasible
HHN-BIR-01,Icu,2026-01-11,6.45,,,,,Feasible
HHN-BIR-01,Icu,2026-01-12,6.61,,,,,Feasible
HHN-BIR-01,Icu,2026-01-13,6.64,,,,,Feasible
HHN-BIR-01,Icu,2026-01-14,6.63,,,,,Feasible
HHN-BIR-01,Icu,2026-01-15,6.67,,,,,Feasible
HHN-BIR-01,Icu,2026-01-16,6.58,,,,,Feasible
HHN-BIR-01,Icu,2026-01-17,6.58,,,,,Feasible
HHN-BIR-01,Icu,2026-01-18,6.64,,,,,Feasible
HHN-BIR-01,Icu,2026-01-19,6.64,,,,,Feasible
HHN-BIR-01,Icu,2026-01-20,6.64,,,,,Feasible
HHN-BIR-01,Icu,2026-01-21,6.63,,,,,Feasible
HHN-BIR-01,Icu,2026-01-22,6.67,,,,,Feasible
HHN-BIR-01,Icu,2026-01-23,6.58,,,,,Feasible
HHN-BIR-01,Icu,2026-01-24,6.58,,,,,Feasible
HHN-BIR-01,Icu,2026-01-25,6.64,,,,,Feasible
HHN-BIR-01,Icu,2026-01-26,6.64,,,,,Feasible
HHN-BIR-01,Icu,2026-01-27,6.64,,,,,Feasible
HHN-BIR-01,Icu,2026-01-28,6.63,,,,,Feasible
HHN-BIR-01,Icu,2026-01-29,6.67,,,,,Feasible
HHN-BIR-01,Icu,2026-01-30,6.58,,,,,Feasible
HHN-BIR-01,Oncology Ward,2026-01-01,9.86,9.0,9.0,Yes,1.0,Feasible
HHN-BIR-01,Oncology Ward,2026-01-02,9.59,9.0,9.0,Yes,1.0,Feasible
HHN-BIR-01,Oncology Ward,2026-01-03,9.93,9.0,9.0,Yes,1.0,Feasible
HHN-BIR-01,Oncology Ward,2026-01-04,10.11,9.0,9.0,Yes,1.0,Feasible
HHN-BIR-01,Oncology Ward,2026-01-05,9.26,9.0,9.0,Yes,1.0,Feasible
HHN-BIR-01,Oncology Ward,2026-01-06,9.36,9.0,9.0,Yes,1.0,Feasible
HHN-BIR-01,Oncology Ward,2026-01-07,8.89,9.0,9.0,Yes,1.0,Feasible
HHN-BIR-01,Oncology Ward,2026-01-08,8.27,9.0,9.0,Yes,1.0,Feasible
HHN-BIR-01,Oncology Ward,2026-01-09,8.29,9.0,9.0,Yes,1.0,Feasible
HHN-BIR-01,Oncology Ward,2026-01-10,8.7,9.0,9.0,Yes,1.0,Feasible
HHN-BIR-01,Oncology Ward,2026-01-11,8.95,9.0,9.0,Yes,1.0,Feasible
HHN-BIR-01,Oncology Ward,2026-01-12,8.2,9.0,9.0,Yes,1.0,Feasible
HHN-BIR-01,Oncology Ward,2026-01-13,8.25,9.0,9.0,Yes,1.0,Feasible
HHN-BIR-01,Oncology Ward,2026-01-14,8.24,9.0,9.0,Yes,1.0,Feasible
HHN-BIR-01,Oncology Ward,2026-01-15,8.29,9.0,9.0,Yes,1.0,Feasible
HHN-BIR-01,Oncology Ward,2026-01-16,8.31,9.0,9.0,Yes,1.0,Feasible
HHN-BIR-01,Oncology Ward,2026-01-17,8.72,9.0,9.0,Yes,1.0,Feasible
HHN-BIR-01,Oncology Ward,2026-01-18,8.72,9.0,9.0,Yes,1.0,Feasible
HHN-BIR-01,Oncology Ward,2026-01-19,8.19,9.0,9.0,Yes,1.0,Feasible
HHN-BIR-01,Oncology Ward,2026-01-20,8.24,9.0,9.0,Yes,1.0,Feasible
HHN-BIR-01,Oncology Ward,2026-01-21,8.24,9.0,9.0,Yes,1.0,Feasible
HHN-BIR-01,Oncology Ward,2026-01-22,8.29,9.0,9.0,Yes,1.0,Feasible
HHN-BIR-01,Oncology Ward,2026-01-23,8.31,9.0,9.0,Yes,1.0,Feasible
HHN-BIR-01,Oncology Ward,2026-01-24,8.72,9.0,9.0,Yes,1.0,Feasible
HHN-BIR-01,Oncology Ward,2026-01-25,8.72,9.0,9.0,Yes,1.0,Feasible
HHN-BIR-01,Oncology Ward,2026-01-26,8.19,9.0,9.0,Yes,1.0,Feasible
HHN-BIR-01,Oncology Ward,2026-01-27,8.24,9.0,9.0,Yes,1.0,Feasible
HHN-BIR-01,Oncology Ward,2026-01-28,8.24,9.0,9.0,Yes,1.0,Feasible
HHN-BIR-01,Oncology Ward,2026-01-29,8.29,9.0,9.0,Yes,1.0,Feasible
HHN-BIR-01,Oncology Ward,2026-01-30,8.31,9.0,9.0,Yes,1.0,Feasible
HHN-BIR-01,Orthopaedics Ward A,2026-01-01,10.97,5.0,4.0,Yes,0.8,High Risk
HHN-BIR-01,Orthopaedics Ward A,2026-01-02,10.37,5.0,4.0,Yes,0.8,High Risk
HHN-BIR-01,Orthopaedics Ward A,2026-01-03,10.42,5.0,4.0,Yes,0.8,High Risk
HHN-BIR-01,Orthopaedics Ward A,2026-01-04,10.43,5.0,4.0,Yes,0.8,High Risk
HHN-BIR-01,Orthopaedics Ward A,2026-01-05,10.72,5.0,4.0,Yes,0.8,High Risk
HHN-BIR-01,Orthopaedics Ward A,2026-01-06,10.5,5.0,4.0,Yes,0.8,High Risk
HHN-BIR-01,Orthopaedics Ward A,2026-01-07,10.68,5.0,4.0,Yes,0.8,High Risk
HHN-BIR-01,Orthopaedics Ward A,2026-01-08,10.56,5.0,4.0,Yes,0.8,High Risk
HHN-BIR-01,Orthopaedics Ward A,2026-01-09,10.52,5.0,4.0,Yes,0.8,High Risk
HHN-BIR-01,Orthopaedics Ward A,2026-01-10,10.51,5.0,4.0,Yes,0.8,High Risk
HHN-BIR-01,Orthopaedics Ward A,2026-01-11,10.5,5.0,4.0,Yes,0.8,High Risk
HHN-BIR-01,Orthopaedics Ward A,2026-01-12,10.72,5.0,4.0,Yes,0.8,High Risk
HHN-BIR-01,Orthopaedics Ward A,2026-01-13,10.56,5.0,4.0,Yes,0.8,High Risk
HHN-BIR-01,Orthopaedics Ward A,2026-01-14,10.56,5.0,4.0,Yes,0.8,High Risk
HHN-BIR-01,Orthopaedics Ward A,2026-01-15,10.56,5.0,4.0,Yes,0.8,High Risk
HHN-BIR-01,Orthopaedics Ward A,2026-01-16,10.52,5.0,4.0,Yes,0.8,High Risk
HHN-BIR-01,Orthopaedics Ward A,2026-01-17,10.51,5.0,4.0,Yes,0.8,High Risk
HHN-BIR-01,Orthopaedics Ward A,2026-01-18,10.5,5.0,4.0,Yes,0.8,High Risk
HHN-BIR-01,Orthopaedics Ward A,2026-01-19,10.72,5.0,4.0,Yes,0.8,High Risk
HHN-BIR-01,Orthopaedics Ward A,2026-01-20,10.56,5.0,4.0,Yes,0.8,High Risk
HHN-BIR-01,Orthopaedics Ward A,2026-01-21,10.56,5.0,4.0,Yes,0.8,High Risk
HHN-BIR-01,Orthopaedics Ward A,2026-01-22,10.56,5.0,4.0,Yes,0.8,High Risk
HHN-BIR-01,Orthopaedics Ward A,2026-01-23,10.52,5.0,4.0,Yes,0.8,High Risk
HHN-BIR-01,Orthopaedics Ward A,2026-01-24,10.51,5.0,4.0,Yes,0.8,High Risk
HHN-BIR-01,Orthopaedics Ward A,2026-01-25,10.5,5.0,4.0,Yes,0.8,High Risk
HHN-BIR-01,Orthopaedics Ward A,2026-01-26,10.72,5.0,4.0,Yes,0.8,High Risk
HHN-BIR-01,Orthopaedics Ward A,2026-01-27,10.56,5.0,4.0,Yes,0.8,High Risk
HHN-BIR-01,Orthopaedics Ward A,2026-01-28,10.56,5.0,4.0,Yes,0.8,High Risk
HHN-BIR-01,Orthopaedics Ward A,2026-01-29,10.56,5.0,4.0,Yes,0.8,High Risk
HHN-BIR-01,Orthopaedics Ward A,2026-01-30,10.52,5.0,4.0,Yes,0.8,High Risk
HHN-BIR-01,Orthopaedics Ward B,2026-01-01,11.01,5.0,5.0,Yes,1.0,Feasible
HHN-BIR-01,Orthopaedics Ward B,2026-01-02,11.12,5.0,5.0,Yes,1.0,Feasible
HHN-BIR-01,Orthopaedics Ward B,2026-01-03,11.29,5.0,5.0,Yes,1.0,Feasible
HHN-BIR-01,Orthopaedics Ward B,2026-01-04,11.11,5.0,5.0,Yes,1.0,Feasible
HHN-BIR-01,Orthopaedics Ward B,2026-01-05,11.18,5.0,5.0,Yes,1.0,Feasible
HHN-BIR-01,Orthopaedics Ward B,2026-01-06,10.75,5.0,5.0,Yes,1.0,Feasible
HHN-BIR-01,Orthopaedics Ward B,2026-01-07,9.82,5.0,5.0,Yes,1.0,Feasible
HHN-BIR-01,Orthopaedics Ward B,2026-01-08,9.89,5.0,5.0,Yes,1.0,Feasible
HHN-BIR-01,Orthopaedics Ward B,2026-01-09,9.9,5.0,5.0,Yes,1.0,Feasible
HHN-BIR-01,Orthopaedics Ward B,2026-01-10,9.98,5.0,5.0,Yes,1.0,Feasible
HHN-BIR-01,Orthopaedics Ward B,2026-01-11,10.05,5.0,5.0,Yes,1.0,Feasible
HHN-BIR-01,Orthopaedics Ward B,2026-01-12,10.14,5.0,5.0,Yes,1.0,Feasible
HHN-BIR-01,Orthopaedics Ward B,2026-01-13,10.21,5.0,5.0,Yes,1.0,Feasible
HHN-BIR-01,Orthopaedics Ward B,2026-01-14,10.33,5.0,5.0,Yes,1.0,Feasible
HHN-BIR-01,Orthopaedics Ward B,2026-01-15,10.29,5.0,5.0,Yes,1.0,Feasible
HHN-BIR-01,Orthopaedics Ward B,2026-01-16,10.4,5.0,5.0,Yes,1.0,Feasible
HHN-BIR-01,Orthopaedics Ward B,2026-01-17,10.41,5.0,5.0,Yes,1.0,Feasible
HHN-BIR-01,Orthopaedics Ward B,2026-01-18,10.32,5.0,5.0,Yes,1.0,Feasible
HHN-BIR-01,Orthopaedics Ward B,2026-01-19,9.93,5.0,5.0,Yes,1.0,Feasible
HHN-BIR-01,Orthopaedics Ward B,2026-01-20,10.36,5.0,5.0,Yes,1.0,Feasible
HHN-BIR-01,Orthopaedics Ward B,2026-01-21,10.09,5.0,5.0,Yes,1.0,Feasible
HHN-BIR-01,Orthopaedics Ward B,2026-01-22,10.32,5.0,5.0,Yes,1.0,Feasible
HHN-BIR-01,Orthopaedics Ward B,2026-01-23,10.43,5.0,5.0,Yes,1.0,Feasible
HHN-BIR-01,Orthopaedics Ward B,2026-01-24,10.45,5.0,5.0,Yes,1.0,Feasible
HHN-BIR-01,Orthopaedics Ward B,2026-01-25,10.32,5.0,5.0,Yes,1.0,Feasible
HHN-BIR-01,Orthopaedics Ward B,2026-01-26,10.15,5.0,5.0,Yes,1.0,Feasible
HHN-BIR-01,Orthopaedics Ward B,2026-01-27,9.98,5.0,5.0,Yes,1.0,Feasible
HHN-BIR-01,Orthopaedics Ward B,2026-01-28,10.44,5.0,5.0,Yes,1.0,Feasible
HHN-BIR-01,Orthopaedics Ward B,2026-01-29,10.06,5.0,5.0,Yes,1.0,Feasible
HHN-BIR-01,Orthopaedics Ward B,2026-01-30,10.43,5.0,5.0,Yes,1.0,Feasible
HHN-EDI-01,Cardiology Ward,2026-01-01,14.07,8.0,8.0,Yes,1.0,Feasible
HHN-EDI-01,Cardiology Ward,2026-01-02,13.24,8.0,8.0,Yes,1.0,Feasible
HHN-EDI-01,Cardiology Ward,2026-01-03,12.5,8.0,8.0,Yes,1.0,Feasible
HHN-EDI-01,Cardiology Ward,2026-01-04,8.39,8.0,8.0,Yes,1.0,Feasible
HHN-EDI-01,Cardiology Ward,2026-01-05,8.44,8.0,8.0,Yes,1.0,Feasible
HHN-EDI-01,Cardiology Ward,2026-01-06,10.14,8.0,8.0,Yes,1.0,Feasible
HHN-EDI-01,Cardiology Ward,2026-01-07,9.95,8.0,8.0,Yes,1.0,Feasible
HHN-EDI-01,Cardiology Ward,2026-01-08,10.04,8.0,8.0,Yes,1.0,Feasible
HHN-EDI-01,Cardiology Ward,2026-01-09,9.72,8.0,8.0,Yes,1.0,Feasible
HHN-EDI-01,Cardiology Ward,2026-01-10,9.49,8.0,8.0,Yes,1.0,Feasible
HHN-EDI-01,Cardiology Ward,2026-01-11,9.33,8.0,8.0,Yes,1.0,Feasible
HHN-EDI-01,Cardiology Ward,2026-01-12,8.5,8.0,8.0,Yes,1.0,Feasible
HHN-EDI-01,Cardiology Ward,2026-01-13,8.72,8.0,8.0,Yes,1.0,Feasible
HHN-EDI-01,Cardiology Ward,2026-01-14,9.0,8.0,8.0,Yes,1.0,Feasible
HHN-EDI-01,Cardiology Ward,2026-01-15,9.75,8.0,8.0,Yes,1.0,Feasible
HHN-EDI-01,Cardiology Ward,2026-01-16,9.91,8.0,8.0,Yes,1.0,Feasible
HHN-EDI-01,Cardiology Ward,2026-01-17,9.91,8.0,8.0,Yes,1.0,Feasible
HHN-EDI-01,Cardiology Ward,2026-01-18,9.67,8.0,8.0,Yes,1.0,Feasible
HHN-EDI-01,Cardiology Ward,2026-01-19,8.5,8.0,8.0,Yes,1.0,Feasible
HHN-EDI-01,Cardiology Ward,2026-01-20,8.45,8.0,8.0,Yes,1.0,Feasible
HHN-EDI-01,Cardiology Ward,2026-01-21,9.0,8.0,8.0,Yes,1.0,Feasible
HHN-EDI-01,Cardiology Ward,2026-01-22,9.45,8.0,8.0,Yes,1.0,Feasible
HHN-EDI-01,Cardiology Ward,2026-01-23,9.91,8.0,8.0,Yes,1.0,Feasible
HHN-EDI-01,Cardiology Ward,2026-01-24,9.91,8.0,8.0,Yes,1.0,Feasible
HHN-EDI-01,Cardiology Ward,2026-01-25,9.84,8.0,8.0,Yes,1.0,Feasible
HHN-EDI-01,Cardiology Ward,2026-01-26,8.5,8.0,8.0,Yes,1.0,Feasible
HHN-EDI-01,Cardiology Ward,2026-01-27,8.45,8.0,8.0,Yes,1.0,Feasible
HHN-EDI-01,Cardiology Ward,2026-01-28,9.0,8.0,8.0,Yes,1.0,Feasible
HHN-EDI-01,Cardiology Ward,2026-01-29,9.45,8.0,8.0,Yes,1.0,Feasible
HHN-EDI-01,Cardiology Ward,2026-01-30,9.61,8.0,8.0,Yes,1.0,Feasible
HHN-EDI-01,Day Case Unit,2026-01-01,0.0,1.0,1.0,Yes,1.0,Feasible
HHN-EDI-01,Day Case Unit,2026-01-02,0.0,1.0,1.0,Yes,1.0,Feasible
HHN-EDI-01,Day Case Unit,2026-01-03,0.0,1.0,1.0,Yes,1.0,Feasible
HHN-EDI-01,Day Case Unit,2026-01-04,0.01,1.0,1.0,Yes,1.0,Feasible
HHN-EDI-01,Day Case Unit,2026-01-05,-0.01,1.0,1.0,Yes,1.0,Feasible
HHN-EDI-01,Day Case Unit,2026-01-06,-0.01,1.0,1.0,Yes,1.0,Feasible
HHN-EDI-01,Day Case Unit,2026-01-07,-0.04,1.0,1.0,Yes,1.0,Feasible
HHN-EDI-01,Day Case Unit,2026-01-08,-0.02,1.0,1.0,Yes,1.0,Feasible
HHN-EDI-01,Day Case Unit,2026-01-09,-0.0,1.0,1.0,Yes,1.0,Feasible
HHN-EDI-01,Day Case Unit,2026-01-10,-0.0,1.0,1.0,Yes,1.0,Feasible
HHN-EDI-01,Day Case Unit,2026-01-11,0.0,1.0,1.0,Yes,1.0,Feasible
HHN-EDI-01,Day Case Unit,2026-01-12,-0.05,1.0,1.0,Yes,1.0,Feasible
HHN-EDI-01,Day Case Unit,2026-01-13,-0.05,1.0,1.0,Yes,1.0,Feasible
HHN-EDI-01,Day Case Unit,2026-01-14,-0.04,1.0,1.0,Yes,1.0,Feasible
HHN-EDI-01,Day Case Unit,2026-01-15,-0.02,1.0,1.0,Yes,1.0,Feasible
HHN-EDI-01,Day Case Unit,2026-01-16,-0.0,1.0,1.0,Yes,1.0,Feasible
HHN-EDI-01,Day Case Unit,2026-01-17,-0.0,1.0,1.0,Yes,1.0,Feasible
HHN-EDI-01,Day Case Unit,2026-01-18,0.0,1.0,1.0,Yes,1.0,Feasible
HHN-EDI-01,Day Case Unit,2026-01-19,-0.05,1.0,1.0,Yes,1.0,Feasible
HHN-EDI-01,Day Case Unit,2026-01-20,-0.05,1.0,1.0,Yes,1.0,Feasible
HHN-EDI-01,Day Case Unit,2026-01-21,-0.04,1.0,1.0,Yes,1.0,Feasible
HHN-EDI-01,Day Case Unit,2026-01-22,-0.02,1.0,1.0,Yes,1.0,Feasible
HHN-EDI-01,Day Case Unit,2026-01-23,-0.0,1.0,1.0,Yes,1.0,Feasible
HHN-EDI-01,Day Case Unit,2026-01-24,-0.0,1.0,1.0,Yes,1.0,Feasible
HHN-EDI-01,Day Case Unit,2026-01-25,0.0,1.0,1.0,Yes,1.0,Feasible
HHN-EDI-01,Day Case Unit,2026-01-26,-0.05,1.0,1.0,Yes,1.0,Feasible
HHN-EDI-01,Day Case Unit,2026-01-27,-0.05,1.0,1.0,Yes,1.0,Feasible
HHN-EDI-01,Day Case Unit,2026-01-28,-0.04,1.0,1.0,Yes,1.0,Feasible
HHN-EDI-01,Day Case Unit,2026-01-29,-0.02,1.0,1.0,Yes,1.0,Feasible
HHN-EDI-01,Day Case Unit,2026-01-30,-0.0,1.0,1.0,Yes,1.0,Feasible
HHN-EDI-01,General Medicine Ward A,2026-01-01,16.54,7.0,7.0,Yes,1.0,Feasible
HHN-EDI-01,General Medicine Ward A,2026-01-02,15.74,7.0,7.0,Yes,1.0,Feasible
HHN-EDI-01,General Medicine Ward A,2026-01-03,13.8,7.0,7.0,Yes,1.0,Feasible
HHN-EDI-01,General Medicine Ward A,2026-01-04,12.61,7.0,7.0,Yes,1.0,Feasible
HHN-EDI-01,General Medicine Ward A,2026-01-05,13.0,7.0,7.0,Yes,1.0,Feasible
HHN-EDI-01,General Medicine Ward A,2026-01-06,12.87,7.0,7.0,Yes,1.0,Feasible
HHN-EDI-01,General Medicine Ward A,2026-01-07,11.69,7.0,7.0,Yes,1.0,Feasible
HHN-EDI-01,General Medicine Ward A,2026-01-08,10.68,7.0,7.0,Yes,1.0,Feasible
HHN-EDI-01,General Medicine Ward A,2026-01-09,9.5,7.0,7.0,Yes,1.0,Feasible
HHN-EDI-01,General Medicine Ward A,2026-01-10,9.05,7.0,7.0,Yes,1.0,Feasible
HHN-EDI-01,General Medicine Ward A,2026-01-11,9.06,7.0,7.0,Yes,1.0,Feasible
HHN-EDI-01,General Medicine Ward A,2026-01-12,9.1,7.0,7.0,Yes,1.0,Feasible
HHN-EDI-01,General Medicine Ward A,2026-01-13,9.0,7.0,7.0,Yes,1.0,Feasible
HHN-EDI-01,General Medicine Ward A,2026-01-14,8.89,7.0,7.0,Yes,1.0,Feasible
HHN-EDI-01,General Medicine Ward A,2026-01-15,7.73,7.0,7.0,Yes,1.0,Feasible
HHN-EDI-01,General Medicine Ward A,2026-01-16,6.67,7.0,7.0,Yes,1.0,Feasible
HHN-EDI-01,General Medicine Ward A,2026-01-17,7.57,7.0,7.0,Yes,1.0,Feasible
HHN-EDI-01,General Medicine Ward A,2026-01-18,7.92,7.0,7.0,Yes,1.0,Feasible
HHN-EDI-01,General Medicine Ward A,2026-01-19,7.55,7.0,7.0,Yes,1.0,Feasible
HHN-EDI-01,General Medicine Ward A,2026-01-20,7.25,7.0,7.0,Yes,1.0,Feasible
HHN-EDI-01,General Medicine Ward A,2026-01-21,6.7,7.0,7.0,Yes,1.0,Feasible
HHN-EDI-01,General Medicine Ward A,2026-01-22,6.04,7.0,7.0,Yes,1.0,Feasible
HHN-EDI-01,General Medicine Ward A,2026-01-23,6.11,7.0,7.0,Yes,1.0,Feasible
HHN-EDI-01,General Medicine Ward A,2026-01-24,6.05,7.0,7.0,Yes,1.0,Feasible
HHN-EDI-01,General Medicine Ward A,2026-01-25,6.59,7.0,7.0,Yes,1.0,Feasible
HHN-EDI-01,General Medicine Ward A,2026-01-26,5.72,7.0,7.0,Yes,1.0,Feasible
HHN-EDI-01,General Medicine Ward A,2026-01-27,5.25,7.0,7.0,Yes,1.0,Feasible
HHN-EDI-01,General Medicine Ward A,2026-01-28,5.38,7.0,7.0,Yes,1.0,Feasible
HHN-EDI-01,General Medicine Ward A,2026-01-29,5.4,7.0,7.0,Yes,1.0,Feasible
HHN-EDI-01,General Medicine Ward A,2026-01-30,5.43,7.0,7.0,Yes,1.0,Feasible
HHN-EDI-01,General Medicine Ward B,2026-01-01,15.28,7.0,7.0,Yes,1.0,Feasible
HHN-EDI-01,General Medicine Ward B,2026-01-02,15.44,7.0,7.0,Yes,1.0,Feasible
HHN-EDI-01,General Medicine Ward B,2026-01-03,15.13,7.0,7.0,Yes,1.0,Feasible
HHN-EDI-01,General Medicine Ward B,2026-01-04,15.37,7.0,7.0,Yes,1.0,Feasible
HHN-EDI-01,General Medicine Ward B,2026-01-05,14.4,7.0,7.0,Yes,1.0,Feasible
HHN-EDI-01,General Medicine Ward B,2026-01-06,14.22,7.0,7.0,Yes,1.0,Feasible
HHN-EDI-01,General Medicine Ward B,2026-01-07,12.87,7.0,7.0,Yes,1.0,Feasible
HHN-EDI-01,General Medicine Ward B,2026-01-08,11.62,7.0,7.0,Yes,1.0,Feasible
HHN-EDI-01,General Medicine Ward B,2026-01-09,10.69,7.0,7.0,Yes,1.0,Feasible
HHN-EDI-01,General Medicine Ward B,2026-01-10,9.45,7.0,7.0,Yes,1.0,Feasible
HHN-EDI-01,General Medicine Ward B,2026-01-11,7.32,7.0,7.0,Yes,1.0,Feasible
HHN-EDI-01,General Medicine Ward B,2026-01-12,5.73,7.0,7.0,Yes,1.0,Feasible
HHN-EDI-01,General Medicine Ward B,2026-01-13,5.27,7.0,7.0,Yes,1.0,Feasible
HHN-EDI-01,General Medicine Ward B,2026-01-14,5.68,7.0,7.0,Yes,1.0,Feasible
HHN-EDI-01,General Medicine Ward B,2026-01-15,5.81,7.0,7.0,Yes,1.0,Feasible
HHN-EDI-01,General Medicine Ward B,2026-01-16,6.07,7.0,7.0,Yes,1.0,Feasible
HHN-EDI-01,General Medicine Ward B,2026-01-17,6.31,7.0,7.0,Yes,1.0,Feasible
HHN-EDI-01,General Medicine Ward B,2026-01-18,6.14,7.0,7.0,Yes,1.0,Feasible
HHN-EDI-01,General Medicine Ward B,2026-01-19,4.99,7.0,7.0,Yes,1.0,Feasible
HHN-EDI-01,General Medicine Ward B,2026-01-20,4.82,7.0,7.0,Yes,1.0,Feasible
HHN-EDI-01,General Medicine Ward B,2026-01-21,5.17,7.0,7.0,Yes,1.0,Feasible
HHN-EDI-01,General Medicine Ward B,2026-01-22,5.39,7.0,7.0,Yes,1.0,Feasible
HHN-EDI-01,General Medicine Ward B,2026-01-23,5.62,7.0,7.0,Yes,1.0,Feasible
HHN-EDI-01,General Medicine Ward B,2026-01-24,5.57,7.0,7.0,Yes,1.0,Feasible
HHN-EDI-01,General Medicine Ward B,2026-01-25,5.82,7.0,7.0,Yes,1.0,Feasible
HHN-EDI-01,General Medicine Ward B,2026-01-26,4.21,7.0,7.0,Yes,1.0,Feasible
HHN-EDI-01,General Medicine Ward B,2026-01-27,4.35,7.0,7.0,Yes,1.0,Feasible
HHN-EDI-01,General Medicine Ward B,2026-01-28,5.17,7.0,7.0,Yes,1.0,Feasible
HHN-EDI-01,General Medicine Ward B,2026-01-29,5.39,7.0,7.0,Yes,1.0,Feasible
HHN-EDI-01,General Medicine Ward B,2026-01-30,5.62,7.0,7.0,Yes,1.0,Feasible
HHN-EDI-01,Icu,2026-01-01,8.04,,,,,Feasible
HHN-EDI-01,Icu,2026-01-02,7.92,,,,,Feasible
HHN-EDI-01,Icu,2026-01-03,7.67,,,,,Feasible
HHN-EDI-01,Icu,2026-01-04,8.06,,,,,Feasible
HHN-EDI-01,Icu,2026-01-05,7.91,,,,,Feasible
HHN-EDI-01,Icu,2026-01-06,6.67,,,,,Feasible
HHN-EDI-01,Icu,2026-01-07,5.98,,,,,Feasible
HHN-EDI-01,Icu,2026-01-08,4.91,,,,,Feasible
HHN-EDI-01,Icu,2026-01-09,4.71,,,,,Feasible
HHN-EDI-01,Icu,2026-01-10,5.08,,,,,Feasible
HHN-EDI-01,Icu,2026-01-11,5.21,,,,,Feasible
HHN-EDI-01,Icu,2026-01-12,4.96,,,,,Feasible
HHN-EDI-01,Icu,2026-01-13,4.84,,,,,Feasible
HHN-EDI-01,Icu,2026-01-14,4.72,,,,,Feasible
HHN-EDI-01,Icu,2026-01-15,4.66,,,,,Feasible
HHN-EDI-01,Icu,2026-01-16,4.63,,,,,Feasible
HHN-EDI-01,Icu,2026-01-17,4.66,,,,,Feasible
HHN-EDI-01,Icu,2026-01-18,4.62,,,,,Feasible
HHN-EDI-01,Icu,2026-01-19,4.57,,,,,Feasible
HHN-EDI-01,Icu,2026-01-20,4.49,,,,,Feasible
HHN-EDI-01,Icu,2026-01-21,4.57,,,,,Feasible
HHN-EDI-01,Icu,2026-01-22,4.55,,,,,Feasible
HHN-EDI-01,Icu,2026-01-23,4.52,,,,,Feasible
HHN-EDI-01,Icu,2026-01-24,4.55,,,,,Feasible
HHN-EDI-01,Icu,2026-01-25,4.5,,,,,Feasible
HHN-EDI-01,Icu,2026-01-26,4.45,,,,,Feasible
HHN-EDI-01,Icu,2026-01-27,4.48,,,,,Feasible
HHN-EDI-01,Icu,2026-01-28,4.56,,,,,Feasible
HHN-EDI-01,Icu,2026-01-29,4.53,,,,,Feasible
HHN-EDI-01,Icu,2026-01-30,4.51,,,,,Feasible
HHN-EDI-01,Oncology Ward,2026-01-01,12.62,6.0,6.0,Yes,1.0,Feasible
HHN-EDI-01,Oncology Ward,2026-01-02,11.31,6.0,6.0,Yes,1.0,Feasible
HHN-EDI-01,Oncology Ward,2026-01-03,10.78,6.0,6.0,Yes,1.0,Feasible
HHN-EDI-01,Oncology Ward,2026-01-04,9.32,6.0,6.0,Yes,1.0,Feasible
HHN-EDI-01,Oncology Ward,2026-01-05,8.21,6.0,6.0,Yes,1.0,Feasible
HHN-EDI-01,Oncology Ward,2026-01-06,6.99,6.0,6.0,Yes,1.0,Feasible
HHN-EDI-01,Oncology Ward,2026-01-07,6.01,6.0,6.0,Yes,1.0,Feasible
HHN-EDI-01,Oncology Ward,2026-01-08,6.68,6.0,6.0,Yes,1.0,Feasible
HHN-EDI-01,Oncology Ward,2026-01-09,6.45,6.0,6.0,Yes,1.0,Feasible
HHN-EDI-01,Oncology Ward,2026-01-10,6.97,6.0,6.0,Yes,1.0,Feasible
HHN-EDI-01,Oncology Ward,2026-01-11,6.97,6.0,6.0,Yes,1.0,Feasible
HHN-EDI-01,Oncology Ward,2026-01-12,6.91,6.0,6.0,Yes,1.0,Feasible
HHN-EDI-01,Oncology Ward,2026-01-13,6.65,6.0,6.0,Yes,1.0,Feasible
HHN-EDI-01,Oncology Ward,2026-01-14,6.68,6.0,6.0,Yes,1.0,Feasible
HHN-EDI-01,Oncology Ward,2026-01-15,6.68,6.0,6.0,Yes,1.0,Feasible
HHN-EDI-01,Oncology Ward,2026-01-16,6.68,6.0,6.0,Yes,1.0,Feasible
HHN-EDI-01,Oncology Ward,2026-01-17,6.63,6.0,6.0,Yes,1.0,Feasible
HHN-EDI-01,Oncology Ward,2026-01-18,6.39,6.0,6.0,Yes,1.0,Feasible
HHN-EDI-01,Oncology Ward,2026-01-19,6.19,6.0,6.0,Yes,1.0,Feasible
HHN-EDI-01,Oncology Ward,2026-01-20,6.65,6.0,6.0,Yes,1.0,Feasible
HHN-EDI-01,Oncology Ward,2026-01-21,6.68,6.0,6.0,Yes,1.0,Feasible
HHN-EDI-01,Oncology Ward,2026-01-22,6.68,6.0,6.0,Yes,1.0,Feasible
HHN-EDI-01,Oncology Ward,2026-01-23,6.68,6.0,6.0,Yes,1.0,Feasible
HHN-EDI-01,Oncology Ward,2026-01-24,6.62,6.0,6.0,Yes,1.0,Feasible
HHN-EDI-01,Oncology Ward,2026-01-25,6.38,6.0,6.0,Yes,1.0,Feasible
HHN-EDI-01,Oncology Ward,2026-01-26,6.19,6.0,6.0,Yes,1.0,Feasible
HHN-EDI-01,Oncology Ward,2026-01-27,6.65,6.0,6.0,Yes,1.0,Feasible
HHN-EDI-01,Oncology Ward,2026-01-28,6.68,6.0,6.0,Yes,1.0,Feasible
HHN-EDI-01,Oncology Ward,2026-01-29,6.68,6.0,6.0,Yes,1.0,Feasible
HHN-EDI-01,Oncology Ward,2026-01-30,6.68,6.0,6.0,Yes,1.0,Feasible
HHN-EDI-01,Orthopaedics Ward A,2026-01-01,9.86,4.0,4.0,Yes,1.0,Feasible
HHN-EDI-01,Orthopaedics Ward A,2026-01-02,8.31,4.0,4.0,Yes,1.0,Feasible
HHN-EDI-01,Orthopaedics Ward A,2026-01-03,7.8,4.0,4.0,Yes,1.0,Feasible
HHN-EDI-01,Orthopaedics Ward A,2026-01-04,7.35,4.0,4.0,Yes,1.0,Feasible
HHN-EDI-01,Orthopaedics Ward A,2026-01-05,7.56,4.0,4.0,Yes,1.0,Feasible
HHN-EDI-01,Orthopaedics Ward A,2026-01-06,6.88,4.0,4.0,Yes,1.0,Feasible
HHN-EDI-01,Orthopaedics Ward A,2026-01-07,7.37,4.0,4.0,Yes,1.0,Feasible
HHN-EDI-01,Orthopaedics Ward A,2026-01-08,7.9,4.0,4.0,Yes,1.0,Feasible
HHN-EDI-01,Orthopaedics Ward A,2026-01-09,8.0,4.0,4.0,Yes,1.0,Feasible
HHN-EDI-01,Orthopaedics Ward A,2026-01-10,7.57,4.0,4.0,Yes,1.0,Feasible
HHN-EDI-01,Orthopaedics Ward A,2026-01-11,7.72,4.0,4.0,Yes,1.0,Feasible
HHN-EDI-01,Orthopaedics Ward A,2026-01-12,7.64,4.0,4.0,Yes,1.0,Feasible
HHN-EDI-01,Orthopaedics Ward A,2026-01-13,7.85,4.0,4.0,Yes,1.0,Feasible
HHN-EDI-01,Orthopaedics Ward A,2026-01-14,8.05,4.0,4.0,Yes,1.0,Feasible
HHN-EDI-01,Orthopaedics Ward A,2026-01-15,8.09,4.0,4.0,Yes,1.0,Feasible
HHN-EDI-01,Orthopaedics Ward A,2026-01-16,8.08,4.0,4.0,Yes,1.0,Feasible
HHN-EDI-01,Orthopaedics Ward A,2026-01-17,7.86,4.0,4.0,Yes,1.0,Feasible
HHN-EDI-01,Orthopaedics Ward A,2026-01-18,7.67,4.0,4.0,Yes,1.0,Feasible
HHN-EDI-01,Orthopaedics Ward A,2026-01-19,7.57,4.0,4.0,Yes,1.0,Feasible
HHN-EDI-01,Orthopaedics Ward A,2026-01-20,7.55,4.0,4.0,Yes,1.0,Feasible
HHN-EDI-01,Orthopaedics Ward A,2026-01-21,8.11,4.0,4.0,Yes,1.0,Feasible
HHN-EDI-01,Orthopaedics Ward A,2026-01-22,8.31,4.0,4.0,Yes,1.0,Feasible
HHN-EDI-01,Orthopaedics Ward A,2026-01-23,7.73,4.0,4.0,Yes,1.0,Feasible
HHN-EDI-01,Orthopaedics Ward A,2026-01-24,7.99,4.0,4.0,Yes,1.0,Feasible
HHN-EDI-01,Orthopaedics Ward A,2026-01-25,8.03,4.0,4.0,Yes,1.0,Feasible
HHN-EDI-01,Orthopaedics Ward A,2026-01-26,7.49,4.0,4.0,Yes,1.0,Feasible
HHN-EDI-01,Orthopaedics Ward A,2026-01-27,7.55,4.0,4.0,Yes,1.0,Feasible
HHN-EDI-01,Orthopaedics Ward A,2026-01-28,7.75,4.0,4.0,Yes,1.0,Feasible
HHN-EDI-01,Orthopaedics Ward A,2026-01-29,8.08,4.0,4.0,Yes,1.0,Feasible
HHN-EDI-01,Orthopaedics Ward A,2026-01-30,7.86,4.0,4.0,Yes,1.0,Feasible
HHN-EDI-01,Orthopaedics Ward B,2026-01-01,9.84,4.0,4.0,Yes,1.0,Feasible
HHN-EDI-01,Orthopaedics Ward B,2026-01-02,8.64,4.0,4.0,Yes,1.0,Feasible
HHN-EDI-01,Orthopaedics Ward B,2026-01-03,6.36,4.0,4.0,Yes,1.0,Feasible
HHN-EDI-01,Orthopaedics Ward B,2026-01-04,6.81,4.0,4.0,Yes,1.0,Feasible
HHN-EDI-01,Orthopaedics Ward B,2026-01-05,6.44,4.0,4.0,Yes,1.0,Feasible
HHN-EDI-01,Orthopaedics Ward B,2026-01-06,7.23,4.0,4.0,Yes,1.0,Feasible
HHN-EDI-01,Orthopaedics Ward B,2026-01-07,8.13,4.0,4.0,Yes,1.0,Feasible
HHN-EDI-01,Orthopaedics Ward B,2026-01-08,8.48,4.0,4.0,Yes,1.0,Feasible
HHN-EDI-01,Orthopaedics Ward B,2026-01-09,8.25,4.0,4.0,Yes,1.0,Feasible
HHN-EDI-01,Orthopaedics Ward B,2026-01-10,8.08,4.0,4.0,Yes,1.0,Feasible
HHN-EDI-01,Orthopaedics Ward B,2026-01-11,8.24,4.0,4.0,Yes,1.0,Feasible
HHN-EDI-01,Orthopaedics Ward B,2026-01-12,8.0,4.0,4.0,Yes,1.0,Feasible
HHN-EDI-01,Orthopaedics Ward B,2026-01-13,7.95,4.0,4.0,Yes,1.0,Feasible
HHN-EDI-01,Orthopaedics Ward B,2026-01-14,8.1,4.0,4.0,Yes,1.0,Feasible
HHN-EDI-01,Orthopaedics Ward B,2026-01-15,8.45,4.0,4.0,Yes,1.0,Feasible
HHN-EDI-01,Orthopaedics Ward B,2026-01-16,8.46,4.0,4.0,Yes,1.0,Feasible
HHN-EDI-01,Orthopaedics Ward B,2026-01-17,8.36,4.0,4.0,Yes,1.0,Feasible
HHN-EDI-01,Orthopaedics Ward B,2026-01-18,8.41,4.0,4.0,Yes,1.0,Feasible
HHN-EDI-01,Orthopaedics Ward B,2026-01-19,8.12,4.0,4.0,Yes,1.0,Feasible
HHN-EDI-01,Orthopaedics Ward B,2026-01-20,8.37,4.0,4.0,Yes,1.0,Feasible
HHN-EDI-01,Orthopaedics Ward B,2026-01-21,8.56,4.0,4.0,Yes,1.0,Feasible
HHN-EDI-01,Orthopaedics Ward B,2026-01-22,8.45,4.0,4.0,Yes,1.0,Feasible
HHN-EDI-01,Orthopaedics Ward B,2026-01-23,8.46,4.0,4.0,Yes,1.0,Feasible
HHN-EDI-01,Orthopaedics Ward B,2026-01-24,8.36,4.0,4.0,Yes,1.0,Feasible
HHN-EDI-01,Orthopaedics Ward B,2026-01-25,8.41,4.0,4.0,Yes,1.0,Feasible
HHN-EDI-01,Orthopaedics Ward B,2026-01-26,8.15,4.0,4.0,Yes,1.0,Feasible
HHN-EDI-01,Orthopaedics Ward B,2026-01-27,8.4,4.0,4.0,Yes,1.0,Feasible
HHN-EDI-01,Orthopaedics Ward B,2026-01-28,8.56,4.0,4.0,Yes,1.0,Feasible
HHN-EDI-01,Orthopaedics Ward B,2026-01-29,8.45,4.0,4.0,Yes,1.0,Feasible
HHN-EDI-01,Orthopaedics Ward B,2026-01-30,8.46,4.0,4.0,Yes,1.0,Feasible
HHN-LON-01,Cardiology Ward,2026-01-01,37.78,18.0,16.0,No,0.8888888888888888,High Risk
HHN-LON-01,Cardiology Ward,2026-01-02,38.09,18.0,16.0,No,0.8888888888888888,High Risk
HHN-LON-01,Cardiology Ward,2026-01-03,37.88,18.0,16.0,No,0.8888888888888888,High Risk
HHN-LON-01,Cardiology Ward,2026-01-04,36.55,18.0,16.0,No,0.8888888888888888,High Risk
HHN-LON-01,Cardiology Ward,2026-01-05,34.03,18.0,16.0,No,0.8888888888888888,High Risk
HHN-LON-01,Cardiology Ward,2026-01-06,32.37,18.0,16.0,No,0.8888888888888888,High Risk
HHN-LON-01,Cardiology Ward,2026-01-07,32.48,18.0,16.0,No,0.8888888888888888,High Risk
HHN-LON-01,Cardiology Ward,2026-01-08,33.28,18.0,16.0,No,0.8888888888888888,High Risk
HHN-LON-01,Cardiology Ward,2026-01-09,33.79,18.0,16.0,No,0.8888888888888888,High Risk
HHN-LON-01,Cardiology Ward,2026-01-10,33.14,18.0,16.0,No,0.8888888888888888,High Risk
HHN-LON-01,Cardiology Ward,2026-01-11,34.11,18.0,16.0,No,0.8888888888888888,High Risk
HHN-LON-01,Cardiology Ward,2026-01-12,34.36,18.0,16.0,No,0.8888888888888888,High Risk
HHN-LON-01,Cardiology Ward,2026-01-13,35.58,18.0,16.0,No,0.8888888888888888,High Risk
HHN-LON-01,Cardiology Ward,2026-01-14,36.57,18.0,16.0,No,0.8888888888888888,High Risk
HHN-LON-01,Cardiology Ward,2026-01-15,36.36,18.0,16.0,No,0.8888888888888888,High Risk
HHN-LON-01,Cardiology Ward,2026-01-16,36.1,18.0,16.0,No,0.8888888888888888,High Risk
HHN-LON-01,Cardiology Ward,2026-01-17,36.53,18.0,16.0,No,0.8888888888888888,High Risk
HHN-LON-01,Cardiology Ward,2026-01-18,35.32,18.0,16.0,No,0.8888888888888888,High Risk
HHN-LON-01,Cardiology Ward,2026-01-19,35.74,18.0,16.0,No,0.8888888888888888,High Risk
HHN-LON-01,Cardiology Ward,2026-01-20,36.58,18.0,16.0,No,0.8888888888888888,High Risk
HHN-LON-01,Cardiology Ward,2026-01-21,36.85,18.0,16.0,No,0.8888888888888888,High Risk
HHN-LON-01,Cardiology Ward,2026-01-22,36.85,18.0,16.0,No,0.8888888888888888,High Risk
HHN-LON-01,Cardiology Ward,2026-01-23,36.77,18.0,16.0,No,0.8888888888888888,High Risk
HHN-LON-01,Cardiology Ward,2026-01-24,36.77,18.0,16.0,No,0.8888888888888888,High Risk
HHN-LON-01,Cardiology Ward,2026-01-25,35.92,18.0,16.0,No,0.8888888888888888,High Risk
HHN-LON-01,Cardiology Ward,2026-01-26,35.35,18.0,16.0,No,0.8888888888888888,High Risk
HHN-LON-01,Cardiology Ward,2026-01-27,36.86,18.0,16.0,No,0.8888888888888888,High Risk
HHN-LON-01,Cardiology Ward,2026-01-28,36.91,18.0,16.0,No,0.8888888888888888,High Risk
HHN-LON-01,Cardiology Ward,2026-01-29,36.9,18.0,16.0,No,0.8888888888888888,High Risk
HHN-LON-01,Cardiology Ward,2026-01-30,36.77,18.0,16.0,No,0.8888888888888888,High Risk
HHN-LON-01,Day Case Unit,2026-01-01,-0.07,1.0,1.0,Yes,1.0,Feasible
HHN-LON-01,Day Case Unit,2026-01-02,-0.03,1.0,1.0,Yes,1.0,Feasible
HHN-LON-01,Day Case Unit,2026-01-03,-0.02,1.0,1.0,Yes,1.0,Feasible
HHN-LON-01,Day Case Unit,2026-01-04,-0.0,1.0,1.0,Yes,1.0,Feasible
HHN-LON-01,Day Case Unit,2026-01-05,-0.1,1.0,1.0,Yes,1.0,Feasible
HHN-LON-01,Day Case Unit,2026-01-06,-0.1,1.0,1.0,Yes,1.0,Feasible
HHN-LON-01,Day Case Unit,2026-01-07,-0.05,1.0,1.0,Yes,1.0,Feasible
HHN-LON-01,Day Case Unit,2026-01-08,-0.02,1.0,1.0,Yes,1.0,Feasible
HHN-LON-01,Day Case Unit,2026-01-09,-0.01,1.0,1.0,Yes,1.0,Feasible
HHN-LON-01,Day Case Unit,2026-01-10,-0.01,1.0,1.0,Yes,1.0,Feasible
HHN-LON-01,Day Case Unit,2026-01-11,-0.02,1.0,1.0,Yes,1.0,Feasible
HHN-LON-01,Day Case Unit,2026-01-12,0.01,1.0,1.0,Yes,1.0,Feasible
HHN-LON-01,Day Case Unit,2026-01-13,0.01,1.0,1.0,Yes,1.0,Feasible
HHN-LON-01,Day Case Unit,2026-01-14,-0.05,1.0,1.0,Yes,1.0,Feasible
HHN-LON-01,Day Case Unit,2026-01-15,-0.02,1.0,1.0,Yes,1.0,Feasible
HHN-LON-01,Day Case Unit,2026-01-16,-0.01,1.0,1.0,Yes,1.0,Feasible
HHN-LON-01,Day Case Unit,2026-01-17,-0.01,1.0,1.0,Yes,1.0,Feasible
HHN-LON-01,Day Case Unit,2026-01-18,-0.02,1.0,1.0,Yes,1.0,Feasible
HHN-LON-01,Day Case Unit,2026-01-19,0.01,1.0,1.0,Yes,1.0,Feasible
HHN-LON-01,Day Case Unit,2026-01-20,0.01,1.0,1.0,Yes,1.0,Feasible
HHN-LON-01,Day Case Unit,2026-01-21,-0.05,1.0,1.0,Yes,1.0,Feasible
HHN-LON-01,Day Case Unit,2026-01-22,-0.02,1.0,1.0,Yes,1.0,Feasible
HHN-LON-01,Day Case Unit,2026-01-23,-0.01,1.0,1.0,Yes,1.0,Feasible
HHN-LON-01,Day Case Unit,2026-01-24,-0.01,1.0,1.0,Yes,1.0,Feasible
HHN-LON-01,Day Case Unit,2026-01-25,-0.02,1.0,1.0,Yes,1.0,Feasible
HHN-LON-01,Day Case Unit,2026-01-26,0.01,1.0,1.0,Yes,1.0,Feasible
HHN-LON-01,Day Case Unit,2026-01-27,0.01,1.0,1.0,Yes,1.0,Feasible
HHN-LON-01,Day Case Unit,2026-01-28,-0.05,1.0,1.0,Yes,1.0,Feasible
HHN-LON-01,Day Case Unit,2026-01-29,-0.02,1.0,1.0,Yes,1.0,Feasible
HHN-LON-01,Day Case Unit,2026-01-30,-0.01,1.0,1.0,Yes,1.0,Feasible
HHN-LON-01,General Medicine Ward A,2026-01-01,34.28,14.0,12.0,No,0.8571428571428571,High Risk
HHN-LON-01,General Medicine Ward A,2026-01-02,33.93,14.0,12.0,No,0.8571428571428571,High Risk
HHN-LON-01,General Medicine Ward A,2026-01-03,33.88,14.0,12.0,No,0.8571428571428571,High Risk
HHN-LON-01,General Medicine Ward A,2026-01-04,34.0,14.0,12.0,No,0.8571428571428571,High Risk
HHN-LON-01,General Medicine Ward A,2026-01-05,33.43,14.0,12.0,No,0.8571428571428571,High Risk
HHN-LON-01,General Medicine Ward A,2026-01-06,33.52,14.0,12.0,No,0.8571428571428571,High Risk
HHN-LON-01,General Medicine Ward A,2026-01-07,34.15,14.0,12.0,No,0.8571428571428571,High Risk
HHN-LON-01,General Medicine Ward A,2026-01-08,35.12,14.0,12.0,No,0.8571428571428571,High Risk
HHN-LON-01,General Medicine Ward A,2026-01-09,34.94,14.0,12.0,No,0.8571428571428571,High Risk
HHN-LON-01,General Medicine Ward A,2026-01-10,34.71,14.0,12.0,No,0.8571428571428571,High Risk
HHN-LON-01,General Medicine Ward A,2026-01-11,34.81,14.0,12.0,No,0.8571428571428571,High Risk
HHN-LON-01,General Medicine Ward A,2026-01-12,34.35,14.0,12.0,No,0.8571428571428571,High Risk
HHN-LON-01,General Medicine Ward A,2026-01-13,34.62,14.0,12.0,No,0.8571428571428571,High Risk
HHN-LON-01,General Medicine Ward A,2026-01-14,35.13,14.0,12.0,No,0.8571428571428571,High Risk
HHN-LON-01,General Medicine Ward A,2026-01-15,35.4,14.0,12.0,No,0.8571428571428571,High Risk
HHN-LON-01,General Medicine Ward A,2026-01-16,35.21,14.0,12.0,No,0.8571428571428571,High Risk
HHN-LON-01,General Medicine Ward A,2026-01-17,35.17,14.0,12.0,No,0.8571428571428571,High Risk
HHN-LON-01,General Medicine Ward A,2026-01-18,35.23,14.0,12.0,No,0.8571428571428571,High Risk
HHN-LON-01,General Medicine Ward A,2026-01-19,34.97,14.0,12.0,No,0.8571428571428571,High Risk
HHN-LON-01,General Medicine Ward A,2026-01-20,34.81,14.0,12.0,No,0.8571428571428571,High Risk
HHN-LON-01,General Medicine Ward A,2026-01-21,35.13,14.0,12.0,No,0.8571428571428571,High Risk
HHN-LON-01,General Medicine Ward A,2026-01-22,35.4,14.0,12.0,No,0.8571428571428571,High Risk
HHN-LON-01,General Medicine Ward A,2026-01-23,35.21,14.0,12.0,No,0.8571428571428571,High Risk
HHN-LON-01,General Medicine Ward A,2026-01-24,35.17,14.0,12.0,No,0.8571428571428571,High Risk
HHN-LON-01,General Medicine Ward A,2026-01-25,35.27,14.0,12.0,No,0.8571428571428571,High Risk
HHN-LON-01,General Medicine Ward A,2026-01-26,35.07,14.0,12.0,No,0.8571428571428571,High Risk
HHN-LON-01,General Medicine Ward A,2026-01-27,34.97,14.0,12.0,No,0.8571428571428571,High Risk
HHN-LON-01,General Medicine Ward A,2026-01-28,35.13,14.0,12.0,No,0.8571428571428571,High Risk
HHN-LON-01,General Medicine Ward A,2026-01-29,35.4,14.0,12.0,No,0.8571428571428571,High Risk
HHN-LON-01,General Medicine Ward A,2026-01-30,35.21,14.0,12.0,No,0.8571428571428571,High Risk
HHN-LON-01,General Medicine Ward B,2026-01-01,33.53,14.0,14.0,Yes,1.0,Feasible
HHN-LON-01,General Medicine Ward B,2026-01-02,32.81,14.0,14.0,Yes,1.0,Feasible
HHN-LON-01,General Medicine Ward B,2026-01-03,31.63,14.0,14.0,Yes,1.0,Feasible
HHN-LON-01,General Medicine Ward B,2026-01-04,31.2,14.0,14.0,Yes,1.0,Feasible
HHN-LON-01,General Medicine Ward B,2026-01-05,30.18,14.0,14.0,Yes,1.0,Feasible
HHN-LON-01,General Medicine Ward B,2026-01-06,30.48,14.0,14.0,Yes,1.0,Feasible
HHN-LON-01,General Medicine Ward B,2026-01-07,31.76,14.0,14.0,Yes,1.0,Feasible
HHN-LON-01,General Medicine Ward B,2026-01-08,31.41,14.0,14.0,Yes,1.0,Feasible
HHN-LON-01,General Medicine Ward B,2026-01-09,31.17,14.0,14.0,Yes,1.0,Feasible
HHN-LON-01,General Medicine Ward B,2026-01-10,29.25,14.0,14.0,Yes,1.0,Feasible
HHN-LON-01,General Medicine Ward B,2026-01-11,28.91,14.0,14.0,Yes,1.0,Feasible
HHN-LON-01,General Medicine Ward B,2026-01-12,28.23,14.0,14.0,Yes,1.0,Feasible
HHN-LON-01,General Medicine Ward B,2026-01-13,27.65,14.0,14.0,Yes,1.0,Feasible
HHN-LON-01,General Medicine Ward B,2026-01-14,28.22,14.0,14.0,Yes,1.0,Feasible
HHN-LON-01,General Medicine Ward B,2026-01-15,28.87,14.0,14.0,Yes,1.0,Feasible
HHN-LON-01,General Medicine Ward B,2026-01-16,29.0,14.0,14.0,Yes,1.0,Feasible
HHN-LON-01,General Medicine Ward B,2026-01-17,30.04,14.0,14.0,Yes,1.0,Feasible
HHN-LON-01,General Medicine Ward B,2026-01-18,30.65,14.0,14.0,Yes,1.0,Feasible
HHN-LON-01,General Medicine Ward B,2026-01-19,30.62,14.0,14.0,Yes,1.0,Feasible
HHN-LON-01,General Medicine Ward B,2026-01-20,30.7,14.0,14.0,Yes,1.0,Feasible
HHN-LON-01,General Medicine Ward B,2026-01-21,30.29,14.0,14.0,Yes,1.0,Feasible
HHN-LON-01,General Medicine Ward B,2026-01-22,29.78,14.0,14.0,Yes,1.0,Feasible
HHN-LON-01,General Medicine Ward B,2026-01-23,29.11,14.0,14.0,Yes,1.0,Feasible
HHN-LON-01,General Medicine Ward B,2026-01-24,29.09,14.0,14.0,Yes,1.0,Feasible
HHN-LON-01,General Medicine Ward B,2026-01-25,29.38,14.0,14.0,Yes,1.0,Feasible
HHN-LON-01,General Medicine Ward B,2026-01-26,30.08,14.0,14.0,Yes,1.0,Feasible
HHN-LON-01,General Medicine Ward B,2026-01-27,30.33,14.0,14.0,Yes,1.0,Feasible
HHN-LON-01,General Medicine Ward B,2026-01-28,30.56,14.0,14.0,Yes,1.0,Feasible
HHN-LON-01,General Medicine Ward B,2026-01-29,29.89,14.0,14.0,Yes,1.0,Feasible
HHN-LON-01,General Medicine Ward B,2026-01-30,29.12,14.0,14.0,Yes,1.0,Feasible
HHN-LON-01,Icu,2026-01-01,17.95,,,,,Feasible
HHN-LON-01,Icu,2026-01-02,17.28,,,,,Feasible
HHN-LON-01,Icu,2026-01-03,17.21,,,,,Feasible
HHN-LON-01,Icu,2026-01-04,17.78,,,,,Feasible
HHN-LON-01,Icu,2026-01-05,16.95,,,,,Feasible
HHN-LON-01,Icu,2026-01-06,15.05,,,,,Feasible
HHN-LON-01,Icu,2026-01-07,14.06,,,,,Feasible
HHN-LON-01,Icu,2026-01-08,12.85,,,,,Feasible
HHN-LON-01,Icu,2026-01-09,13.18,,,,,Feasible
HHN-LON-01,Icu,2026-01-10,13.22,,,,,Feasible
HHN-LON-01,Icu,2026-01-11,13.04,,,,,Feasible
HHN-LON-01,Icu,2026-01-12,12.72,,,,,Feasible
HHN-LON-01,Icu,2026-01-13,12.98,,,,,Feasible
HHN-LON-01,Icu,2026-01-14,12.99,,,,,Feasible
HHN-LON-01,Icu,2026-01-15,12.94,,,,,Feasible
HHN-LON-01,Icu,2026-01-16,13.09,,,,,Feasible
HHN-LON-01,Icu,2026-01-17,13.36,,,,,Feasible
HHN-LON-01,Icu,2026-01-18,13.36,,,,,Feasible
HHN-LON-01,Icu,2026-01-19,13.09,,,,,Feasible
HHN-LON-01,Icu,2026-01-20,13.14,,,,,Feasible
HHN-LON-01,Icu,2026-01-21,13.13,,,,,Feasible
HHN-LON-01,Icu,2026-01-22,13.13,,,,,Feasible
HHN-LON-01,Icu,2026-01-23,13.33,,,,,Feasible
HHN-LON-01,Icu,2026-01-24,13.33,,,,,Feasible
HHN-LON-01,Icu,2026-01-25,13.36,,,,,Feasible
HHN-LON-01,Icu,2026-01-26,13.1,,,,,Feasible
HHN-LON-01,Icu,2026-01-27,13.15,,,,,Feasible
HHN-LON-01,Icu,2026-01-28,13.14,,,,,Feasible
HHN-LON-01,Icu,2026-01-29,13.14,,,,,Feasible
HHN-LON-01,Icu,2026-01-30,13.33,,,,,Feasible
HHN-LON-01,Oncology Ward,2026-01-01,20.35,19.0,19.0,Yes,1.0,Feasible
HHN-LON-01,Oncology Ward,2026-01-02,20.1,19.0,19.0,Yes,1.0,Feasible
HHN-LON-01,Oncology Ward,2026-01-03,20.39,19.0,19.0,Yes,1.0,Feasible
HHN-LON-01,Oncology Ward,2026-01-04,20.4,19.0,19.0,Yes,1.0,Feasible
HHN-LON-01,Oncology Ward,2026-01-05,19.2,19.0,19.0,Yes,1.0,Feasible
HHN-LON-01,Oncology Ward,2026-01-06,19.22,19.0,19.0,Yes,1.0,Feasible
HHN-LON-01,Oncology Ward,2026-01-07,20.14,19.0,19.0,Yes,1.0,Feasible
HHN-LON-01,Oncology Ward,2026-01-08,20.61,19.0,19.0,Yes,1.0,Feasible
HHN-LON-01,Oncology Ward,2026-01-09,20.61,19.0,19.0,Yes,1.0,Feasible
HHN-LON-01,Oncology Ward,2026-01-10,20.63,19.0,19.0,Yes,1.0,Feasible
HHN-LON-01,Oncology Ward,2026-01-11,20.8,19.0,19.0,Yes,1.0,Feasible
HHN-LON-01,Oncology Ward,2026-01-12,18.87,19.0,19.0,Yes,1.0,Feasible
HHN-LON-01,Oncology Ward,2026-01-13,17.8,19.0,19.0,Yes,1.0,Feasible
HHN-LON-01,Oncology Ward,2026-01-14,16.98,19.0,19.0,Yes,1.0,Feasible
HHN-LON-01,Oncology Ward,2026-01-15,16.29,19.0,19.0,Yes,1.0,Feasible
HHN-LON-01,Oncology Ward,2026-01-16,16.38,19.0,19.0,Yes,1.0,Feasible
HHN-LON-01,Oncology Ward,2026-01-17,16.13,19.0,19.0,Yes,1.0,Feasible
HHN-LON-01,Oncology Ward,2026-01-18,16.4,19.0,19.0,Yes,1.0,Feasible
HHN-LON-01,Oncology Ward,2026-01-19,14.8,19.0,19.0,Yes,1.0,Feasible
HHN-LON-01,Oncology Ward,2026-01-20,12.42,19.0,19.0,Yes,1.0,Feasible
HHN-LON-01,Oncology Ward,2026-01-21,11.73,19.0,19.0,Yes,1.0,Feasible
HHN-LON-01,Oncology Ward,2026-01-22,11.72,19.0,19.0,Yes,1.0,Feasible
HHN-LON-01,Oncology Ward,2026-01-23,12.01,19.0,19.0,Yes,1.0,Feasible
HHN-LON-01,Oncology Ward,2026-01-24,11.85,19.0,19.0,Yes,1.0,Feasible
HHN-LON-01,Oncology Ward,2026-01-25,11.91,19.0,19.0,Yes,1.0,Feasible
HHN-LON-01,Oncology Ward,2026-01-26,10.06,19.0,19.0,Yes,1.0,Feasible
HHN-LON-01,Oncology Ward,2026-01-27,10.7,19.0,19.0,Yes,1.0,Feasible
HHN-LON-01,Oncology Ward,2026-01-28,11.38,19.0,19.0,Yes,1.0,Feasible
HHN-LON-01,Oncology Ward,2026-01-29,11.49,19.0,19.0,Yes,1.0,Feasible
HHN-LON-01,Oncology Ward,2026-01-30,11.48,19.0,19.0,Yes,1.0,Feasible
HHN-LON-01,Orthopaedics Ward A,2026-01-01,27.11,12.0,12.0,Yes,1.0,Feasible
HHN-LON-01,Orthopaedics Ward A,2026-01-02,26.24,12.0,12.0,Yes,1.0,Feasible
HHN-LON-01,Orthopaedics Ward A,2026-01-03,25.47,12.0,12.0,Yes,1.0,Feasible
HHN-LON-01,Orthopaedics Ward A,2026-01-04,22.56,12.0,12.0,Yes,1.0,Feasible
HHN-LON-01,Orthopaedics Ward A,2026-01-05,22.34,12.0,12.0,Yes,1.0,Feasible
HHN-LON-01,Orthopaedics Ward A,2026-01-06,21.95,12.0,12.0,Yes,1.0,Feasible
HHN-LON-01,Orthopaedics Ward A,2026-01-07,20.1,12.0,12.0,Yes,1.0,Feasible
HHN-LON-01,Orthopaedics Ward A,2026-01-08,17.35,12.0,12.0,Yes,1.0,Feasible
HHN-LON-01,Orthopaedics Ward A,2026-01-09,15.21,12.0,12.0,Yes,1.0,Feasible
HHN-LON-01,Orthopaedics Ward A,2026-01-10,13.5,12.0,12.0,Yes,1.0,Feasible
HHN-LON-01,Orthopaedics Ward A,2026-01-11,11.9,12.0,12.0,Yes,1.0,Feasible
HHN-LON-01,Orthopaedics Ward A,2026-01-12,12.75,12.0,12.0,Yes,1.0,Feasible
HHN-LON-01,Orthopaedics Ward A,2026-01-13,12.63,12.0,12.0,Yes,1.0,Feasible
HHN-LON-01,Orthopaedics Ward A,2026-01-14,11.8,12.0,12.0,Yes,1.0,Feasible
HHN-LON-01,Orthopaedics Ward A,2026-01-15,11.65,12.0,12.0,Yes,1.0,Feasible
HHN-LON-01,Orthopaedics Ward A,2026-01-16,11.32,12.0,12.0,Yes,1.0,Feasible
HHN-LON-01,Orthopaedics Ward A,2026-01-17,10.74,12.0,12.0,Yes,1.0,Feasible
HHN-LON-01,Orthopaedics Ward A,2026-01-18,8.55,12.0,12.0,Yes,1.0,Feasible
HHN-LON-01,Orthopaedics Ward A,2026-01-19,9.88,12.0,12.0,Yes,1.0,Feasible
HHN-LON-01,Orthopaedics Ward A,2026-01-20,9.66,12.0,12.0,Yes,1.0,Feasible
HHN-LON-01,Orthopaedics Ward A,2026-01-21,9.38,12.0,12.0,Yes,1.0,Feasible
HHN-LON-01,Orthopaedics Ward A,2026-01-22,9.02,12.0,12.0,Yes,1.0,Feasible
HHN-LON-01,Orthopaedics Ward A,2026-01-23,8.92,12.0,12.0,Yes,1.0,Feasible
HHN-LON-01,Orthopaedics Ward A,2026-01-24,9.15,12.0,12.0,Yes,1.0,Feasible
HHN-LON-01,Orthopaedics Ward A,2026-01-25,8.86,12.0,12.0,Yes,1.0,Feasible
HHN-LON-01,Orthopaedics Ward A,2026-01-26,8.48,12.0,12.0,Yes,1.0,Feasible
HHN-LON-01,Orthopaedics Ward A,2026-01-27,9.35,12.0,12.0,Yes,1.0,Feasible
HHN-LON-01,Orthopaedics Ward A,2026-01-28,9.11,12.0,12.0,Yes,1.0,Feasible
HHN-LON-01,Orthopaedics Ward A,2026-01-29,9.21,12.0,12.0,Yes,1.0,Feasible
HHN-LON-01,Orthopaedics Ward A,2026-01-30,9.23,12.0,12.0,Yes,1.0,Feasible
HHN-LON-01,Orthopaedics Ward B,2026-01-01,26.31,12.0,10.0,No,0.8333333333333334,High Risk
HHN-LON-01,Orthopaedics Ward B,2026-01-02,26.71,12.0,10.0,No,0.8333333333333334,High Risk
HHN-LON-01,Orthopaedics Ward B,2026-01-03,26.11,12.0,10.0,No,0.8333333333333334,High Risk
HHN-LON-01,Orthopaedics Ward B,2026-01-04,25.9,12.0,10.0,No,0.8333333333333334,High Risk
HHN-LON-01,Orthopaedics Ward B,2026-01-05,24.99,12.0,10.0,No,0.8333333333333334,High Risk
HHN-LON-01,Orthopaedics Ward B,2026-01-06,24.59,12.0,10.0,No,0.8333333333333334,High Risk
HHN-LON-01,Orthopaedics Ward B,2026-01-07,25.08,12.0,10.0,No,0.8333333333333334,High Risk
HHN-LON-01,Orthopaedics Ward B,2026-01-08,25.35,12.0,10.0,No,0.8333333333333334,High Risk
HHN-LON-01,Orthopaedics Ward B,2026-01-09,25.29,12.0,10.0,No,0.8333333333333334,High Risk
HHN-LON-01,Orthopaedics Ward B,2026-01-10,24.75,12.0,10.0,No,0.8333333333333334,High Risk
HHN-LON-01,Orthopaedics Ward B,2026-01-11,24.01,12.0,10.0,No,0.8333333333333334,High Risk
HHN-LON-01,Orthopaedics Ward B,2026-01-12,24.22,12.0,10.0,No,0.8333333333333334,High Risk
HHN-LON-01,Orthopaedics Ward B,2026-01-13,24.56,12.0,10.0,No,0.8333333333333334,High Risk
HHN-LON-01,Orthopaedics Ward B,2026-01-14,24.67,12.0,10.0,No,0.8333333333333334,High Risk
HHN-LON-01,Orthopaedics Ward B,2026-01-15,24.66,12.0,10.0,No,0.8333333333333334,High Risk
HHN-LON-01,Orthopaedics Ward B,2026-01-16,24.6,12.0,10.0,No,0.8333333333333334,High Risk
HHN-LON-01,Orthopaedics Ward B,2026-01-17,24.0,12.0,10.0,No,0.8333333333333334,High Risk
HHN-LON-01,Orthopaedics Ward B,2026-01-18,23.46,12.0,10.0,No,0.8333333333333334,High Risk
HHN-LON-01,Orthopaedics Ward B,2026-01-19,22.66,12.0,10.0,No,0.8333333333333334,High Risk
HHN-LON-01,Orthopaedics Ward B,2026-01-20,22.73,12.0,10.0,No,0.8333333333333334,High Risk
HHN-LON-01,Orthopaedics Ward B,2026-01-21,22.82,12.0,10.0,No,0.8333333333333334,High Risk
HHN-LON-01,Orthopaedics Ward B,2026-01-22,22.43,12.0,10.0,No,0.8333333333333334,High Risk
HHN-LON-01,Orthopaedics Ward B,2026-01-23,22.52,12.0,10.0,No,0.8333333333333334,High Risk
HHN-LON-01,Orthopaedics Ward B,2026-01-24,22.89,12.0,10.0,No,0.8333333333333334,High Risk
HHN-LON-01,Orthopaedics Ward B,2026-01-25,22.69,12.0,10.0,No,0.8333333333333334,High Risk
HHN-LON-01,Orthopaedics Ward B,2026-01-26,21.8,12.0,10.0,No,0.8333333333333334,High Risk
HHN-LON-01,Orthopaedics Ward B,2026-01-27,21.53,12.0,10.0,No,0.8333333333333334,High Risk
HHN-LON-01,Orthopaedics Ward B,2026-01-28,21.73,12.0,10.0,No,0.8333333333333334,High Risk
HHN-LON-01,Orthopaedics Ward B,2026-01-29,21.74,12.0,10.0,No,0.8333333333333334,High Risk
HHN-LON-01,Orthopaedics Ward B,2026-01-30,21.97,12.0,10.0,No,0.8333333333333334,High Risk
HHN-LON-02,Cardiology Ward,2026-01-01,17.91,8.0,8.0,Yes,1.0,Feasible
HHN-LON-02,Cardiology Ward,2026-01-02,17.52,8.0,8.0,Yes,1.0,Feasible
HHN-LON-02,Cardiology Ward,2026-01-03,16.91,8.0,8.0,Yes,1.0,Feasible
HHN-LON-02,Cardiology Ward,2026-01-04,16.24,8.0,8.0,Yes,1.0,Feasible
HHN-LON-02,Cardiology Ward,2026-01-05,15.97,8.0,8.0,Yes,1.0,Feasible
HHN-LON-02,Cardiology Ward,2026-01-06,15.34,8.0,8.0,Yes,1.0,Feasible
HHN-LON-02,Cardiology Ward,2026-01-07,16.9,8.0,8.0,Yes,1.0,Feasible
HHN-LON-02,Cardiology Ward,2026-01-08,18.02,8.0,8.0,Yes,1.0,Feasible
HHN-LON-02,Cardiology Ward,2026-01-09,18.34,8.0,8.0,Yes,1.0,Feasible
HHN-LON-02,Cardiology Ward,2026-01-10,18.36,8.0,8.0,Yes,1.0,Feasible
HHN-LON-02,Cardiology Ward,2026-01-11,18.72,8.0,8.0,Yes,1.0,Feasible
HHN-LON-02,Cardiology Ward,2026-01-12,18.7,8.0,8.0,Yes,1.0,Feasible
HHN-LON-02,Cardiology Ward,2026-01-13,18.68,8.0,8.0,Yes,1.0,Feasible
HHN-LON-02,Cardiology Ward,2026-01-14,18.03,8.0,8.0,Yes,1.0,Feasible
HHN-LON-02,Cardiology Ward,2026-01-15,18.1,8.0,8.0,Yes,1.0,Feasible
HHN-LON-02,Cardiology Ward,2026-01-16,18.1,8.0,8.0,Yes,1.0,Feasible
HHN-LON-02,Cardiology Ward,2026-01-17,18.06,8.0,8.0,Yes,1.0,Feasible
HHN-LON-02,Cardiology Ward,2026-01-18,18.01,8.0,8.0,Yes,1.0,Feasible
HHN-LON-02,Cardiology Ward,2026-01-19,18.08,8.0,8.0,Yes,1.0,Feasible
HHN-LON-02,Cardiology Ward,2026-01-20,18.11,8.0,8.0,Yes,1.0,Feasible
HHN-LON-02,Cardiology Ward,2026-01-21,18.11,8.0,8.0,Yes,1.0,Feasible
HHN-LON-02,Cardiology Ward,2026-01-22,18.1,8.0,8.0,Yes,1.0,Feasible
HHN-LON-02,Cardiology Ward,2026-01-23,18.1,8.0,8.0,Yes,1.0,Feasible
HHN-LON-02,Cardiology Ward,2026-01-24,18.06,8.0,8.0,Yes,1.0,Feasible
HHN-LON-02,Cardiology Ward,2026-01-25,18.01,8.0,8.0,Yes,1.0,Feasible
HHN-LON-02,Cardiology Ward,2026-01-26,18.08,8.0,8.0,Yes,1.0,Feasible
HHN-LON-02,Cardiology Ward,2026-01-27,18.11,8.0,8.0,Yes,1.0,Feasible
HHN-LON-02,Cardiology Ward,2026-01-28,18.11,8.0,8.0,Yes,1.0,Feasible
HHN-LON-02,Cardiology Ward,2026-01-29,18.1,8.0,8.0,Yes,1.0,Feasible
HHN-LON-02,Cardiology Ward,2026-01-30,18.1,8.0,8.0,Yes,1.0,Feasible
HHN-LON-02,Day Case Unit,2026-01-01,-0.03,1.0,1.0,Yes,1.0,Feasible
HHN-LON-02,Day Case Unit,2026-01-02,-0.01,1.0,1.0,Yes,1.0,Feasible
HHN-LON-02,Day Case Unit,2026-01-03,-0.0,1.0,1.0,Yes,1.0,Feasible
HHN-LON-02,Day Case Unit,2026-01-04,0.31,1.0,1.0,Yes,1.0,Feasible
HHN-LON-02,Day Case Unit,2026-01-05,0.8,1.0,1.0,Yes,1.0,Feasible
HHN-LON-02,Day Case Unit,2026-01-06,0.99,1.0,1.0,Yes,1.0,Feasible
HHN-LON-02,Day Case Unit,2026-01-07,0.61,1.0,1.0,Yes,1.0,Feasible
HHN-LON-02,Day Case Unit,2026-01-08,0.93,1.0,1.0,Yes,1.0,Feasible
HHN-LON-02,Day Case Unit,2026-01-09,0.67,1.0,1.0,Yes,1.0,Feasible
HHN-LON-02,Day Case Unit,2026-01-10,0.67,1.0,1.0,Yes,1.0,Feasible
HHN-LON-02,Day Case Unit,2026-01-11,0.67,1.0,1.0,Yes,1.0,Feasible
HHN-LON-02,Day Case Unit,2026-01-12,0.31,1.0,1.0,Yes,1.0,Feasible
HHN-LON-02,Day Case Unit,2026-01-13,0.61,1.0,1.0,Yes,1.0,Feasible
HHN-LON-02,Day Case Unit,2026-01-14,0.62,1.0,1.0,Yes,1.0,Feasible
HHN-LON-02,Day Case Unit,2026-01-15,0.64,1.0,1.0,Yes,1.0,Feasible
HHN-LON-02,Day Case Unit,2026-01-16,0.68,1.0,1.0,Yes,1.0,Feasible
HHN-LON-02,Day Case Unit,2026-01-17,0.67,1.0,1.0,Yes,1.0,Feasible
HHN-LON-02,Day Case Unit,2026-01-18,0.67,1.0,1.0,Yes,1.0,Feasible
HHN-LON-02,Day Case Unit,2026-01-19,0.61,1.0,1.0,Yes,1.0,Feasible
HHN-LON-02,Day Case Unit,2026-01-20,0.61,1.0,1.0,Yes,1.0,Feasible
HHN-LON-02,Day Case Unit,2026-01-21,0.62,1.0,1.0,Yes,1.0,Feasible
HHN-LON-02,Day Case Unit,2026-01-22,0.64,1.0,1.0,Yes,1.0,Feasible
HHN-LON-02,Day Case Unit,2026-01-23,0.68,1.0,1.0,Yes,1.0,Feasible
HHN-LON-02,Day Case Unit,2026-01-24,0.67,1.0,1.0,Yes,1.0,Feasible
HHN-LON-02,Day Case Unit,2026-01-25,0.67,1.0,1.0,Yes,1.0,Feasible
HHN-LON-02,Day Case Unit,2026-01-26,0.61,1.0,1.0,Yes,1.0,Feasible
HHN-LON-02,Day Case Unit,2026-01-27,0.61,1.0,1.0,Yes,1.0,Feasible
HHN-LON-02,Day Case Unit,2026-01-28,0.62,1.0,1.0,Yes,1.0,Feasible
HHN-LON-02,Day Case Unit,2026-01-29,0.64,1.0,1.0,Yes,1.0,Feasible
HHN-LON-02,Day Case Unit,2026-01-30,0.68,1.0,1.0,Yes,1.0,Feasible
HHN-LON-02,General Medicine Ward A,2026-01-01,18.07,7.0,6.0,No,0.8571428571428571,High Risk
HHN-LON-02,General Medicine Ward A,2026-01-02,17.46,7.0,6.0,No,0.8571428571428571,High Risk
HHN-LON-02,General Medicine Ward A,2026-01-03,17.52,7.0,6.0,No,0.8571428571428571,High Risk
HHN-LON-02,General Medicine Ward A,2026-01-04,17.43,7.0,6.0,No,0.8571428571428571,High Risk
HHN-LON-02,General Medicine Ward A,2026-01-05,17.22,7.0,6.0,No,0.8571428571428571,High Risk
HHN-LON-02,General Medicine Ward A,2026-01-06,17.11,7.0,6.0,No,0.8571428571428571,High Risk
HHN-LON-02,General Medicine Ward A,2026-01-07,17.09,7.0,6.0,No,0.8571428571428571,High Risk
HHN-LON-02,General Medicine Ward A,2026-01-08,17.07,7.0,6.0,No,0.8571428571428571,High Risk
HHN-LON-02,General Medicine Ward A,2026-01-09,16.94,7.0,6.0,No,0.8571428571428571,High Risk
HHN-LON-02,General Medicine Ward A,2026-01-10,15.04,7.0,6.0,No,0.8571428571428571,High Risk
HHN-LON-02,General Medicine Ward A,2026-01-11,14.36,7.0,6.0,No,0.8571428571428571,High Risk
HHN-LON-02,General Medicine Ward A,2026-01-12,12.61,7.0,6.0,No,0.8571428571428571,High Risk
HHN-LON-02,General Medicine Ward A,2026-01-13,12.27,7.0,6.0,No,0.8571428571428571,High Risk
HHN-LON-02,General Medicine Ward A,2026-01-14,12.49,7.0,6.0,No,0.8571428571428571,High Risk
HHN-LON-02,General Medicine Ward A,2026-01-15,12.37,7.0,6.0,No,0.8571428571428571,High Risk
HHN-LON-02,General Medicine Ward A,2026-01-16,11.81,7.0,6.0,No,0.8571428571428571,High Risk
HHN-LON-02,General Medicine Ward A,2026-01-17,12.41,7.0,6.0,No,0.8571428571428571,High Risk
HHN-LON-02,General Medicine Ward A,2026-01-18,13.18,7.0,6.0,No,0.8571428571428571,High Risk
HHN-LON-02,General Medicine Ward A,2026-01-19,13.05,7.0,6.0,No,0.8571428571428571,High Risk
HHN-LON-02,General Medicine Ward A,2026-01-20,13.25,7.0,6.0,No,0.8571428571428571,High Risk
HHN-LON-02,General Medicine Ward A,2026-01-21,12.8,7.0,6.0,No,0.8571428571428571,High Risk
HHN-LON-02,General Medicine Ward A,2026-01-22,12.29,7.0,6.0,No,0.8571428571428571,High Risk
HHN-LON-02,General Medicine Ward A,2026-01-23,12.39,7.0,6.0,No,0.8571428571428571,High Risk
HHN-LON-02,General Medicine Ward A,2026-01-24,12.84,7.0,6.0,No,0.8571428571428571,High Risk
HHN-LON-02,General Medicine Ward A,2026-01-25,13.18,7.0,6.0,No,0.8571428571428571,High Risk
HHN-LON-02,General Medicine Ward A,2026-01-26,12.58,7.0,6.0,No,0.8571428571428571,High Risk
HHN-LON-02,General Medicine Ward A,2026-01-27,12.04,7.0,6.0,No,0.8571428571428571,High Risk
HHN-LON-02,General Medicine Ward A,2026-01-28,12.33,7.0,6.0,No,0.8571428571428571,High Risk
HHN-LON-02,General Medicine Ward A,2026-01-29,12.78,7.0,6.0,No,0.8571428571428571,High Risk
HHN-LON-02,General Medicine Ward A,2026-01-30,12.41,7.0,6.0,No,0.8571428571428571,High Risk
HHN-LON-02,General Medicine Ward B,2026-01-01,17.76,7.0,7.0,Yes,1.0,Feasible
HHN-LON-02,General Medicine Ward B,2026-01-02,17.33,7.0,7.0,Yes,1.0,Feasible
HHN-LON-02,General Medicine Ward B,2026-01-03,17.3,7.0,7.0,Yes,1.0,Feasible
HHN-LON-02,General Medicine Ward B,2026-01-04,17.3,7.0,7.0,Yes,1.0,Feasible
HHN-LON-02,General Medicine Ward B,2026-01-05,17.13,7.0,7.0,Yes,1.0,Feasible
HHN-LON-02,General Medicine Ward B,2026-01-06,17.12,7.0,7.0,Yes,1.0,Feasible
HHN-LON-02,General Medicine Ward B,2026-01-07,17.26,7.0,7.0,Yes,1.0,Feasible
HHN-LON-02,General Medicine Ward B,2026-01-08,17.19,7.0,7.0,Yes,1.0,Feasible
HHN-LON-02,General Medicine Ward B,2026-01-09,17.21,7.0,7.0,Yes,1.0,Feasible
HHN-LON-02,General Medicine Ward B,2026-01-10,17.35,7.0,7.0,Yes,1.0,Feasible
HHN-LON-02,General Medicine Ward B,2026-01-11,17.35,7.0,7.0,Yes,1.0,Feasible
HHN-LON-02,General Medicine Ward B,2026-01-12,17.14,7.0,7.0,Yes,1.0,Feasible
HHN-LON-02,General Medicine Ward B,2026-01-13,17.15,7.0,7.0,Yes,1.0,Feasible
HHN-LON-02,General Medicine Ward B,2026-01-14,17.13,7.0,7.0,Yes,1.0,Feasible
HHN-LON-02,General Medicine Ward B,2026-01-15,17.19,7.0,7.0,Yes,1.0,Feasible
HHN-LON-02,General Medicine Ward B,2026-01-16,17.21,7.0,7.0,Yes,1.0,Feasible
HHN-LON-02,General Medicine Ward B,2026-01-17,17.35,7.0,7.0,Yes,1.0,Feasible
HHN-LON-02,General Medicine Ward B,2026-01-18,17.35,7.0,7.0,Yes,1.0,Feasible
HHN-LON-02,General Medicine Ward B,2026-01-19,17.14,7.0,7.0,Yes,1.0,Feasible
HHN-LON-02,General Medicine Ward B,2026-01-20,17.15,7.0,7.0,Yes,1.0,Feasible
HHN-LON-02,General Medicine Ward B,2026-01-21,17.13,7.0,7.0,Yes,1.0,Feasible
HHN-LON-02,General Medicine Ward B,2026-01-22,17.19,7.0,7.0,Yes,1.0,Feasible
HHN-LON-02,General Medicine Ward B,2026-01-23,17.21,7.0,7.0,Yes,1.0,Feasible
HHN-LON-02,General Medicine Ward B,2026-01-24,17.35,7.0,7.0,Yes,1.0,Feasible
HHN-LON-02,General Medicine Ward B,2026-01-25,17.35,7.0,7.0,Yes,1.0,Feasible
HHN-LON-02,General Medicine Ward B,2026-01-26,17.14,7.0,7.0,Yes,1.0,Feasible
HHN-LON-02,General Medicine Ward B,2026-01-27,17.15,7.0,7.0,Yes,1.0,Feasible
HHN-LON-02,General Medicine Ward B,2026-01-28,17.13,7.0,7.0,Yes,1.0,Feasible
HHN-LON-02,General Medicine Ward B,2026-01-29,17.19,7.0,7.0,Yes,1.0,Feasible
HHN-LON-02,General Medicine Ward B,2026-01-30,17.21,7.0,7.0,Yes,1.0,Feasible
HHN-LON-02,Icu,2026-01-01,10.91,,,,,Feasible
HHN-LON-02,Icu,2026-01-02,10.25,,,,,Feasible
HHN-LON-02,Icu,2026-01-03,10.11,,,,,Feasible
HHN-LON-02,Icu,2026-01-04,9.62,,,,,Feasible
HHN-LON-02,Icu,2026-01-05,9.43,,,,,Feasible
HHN-LON-02,Icu,2026-01-06,9.15,,,,,Feasible
HHN-LON-02,Icu,2026-01-07,9.02,,,,,Feasible
HHN-LON-02,Icu,2026-01-08,9.06,,,,,Feasible
HHN-LON-02,Icu,2026-01-09,9.18,,,,,Feasible
HHN-LON-02,Icu,2026-01-10,9.08,,,,,Feasible
HHN-LON-02,Icu,2026-01-11,9.2,,,,,Feasible
HHN-LON-02,Icu,2026-01-12,9.23,,,,,Feasible
HHN-LON-02,Icu,2026-01-13,9.19,,,,,Feasible
HHN-LON-02,Icu,2026-01-14,9.19,,,,,Feasible
HHN-LON-02,Icu,2026-01-15,9.14,,,,,Feasible
HHN-LON-02,Icu,2026-01-16,9.14,,,,,Feasible
HHN-LON-02,Icu,2026-01-17,9.15,,,,,Feasible
HHN-LON-02,Icu,2026-01-18,9.2,,,,,Feasible
HHN-LON-02,Icu,2026-01-19,9.23,,,,,Feasible
HHN-LON-02,Icu,2026-01-20,9.19,,,,,Feasible
HHN-LON-02,Icu,2026-01-21,9.19,,,,,Feasible
HHN-LON-02,Icu,2026-01-22,9.14,,,,,Feasible
HHN-LON-02,Icu,2026-01-23,9.14,,,,,Feasible
HHN-LON-02,Icu,2026-01-24,9.15,,,,,Feasible
HHN-LON-02,Icu,2026-01-25,9.2,,,,,Feasible
HHN-LON-02,Icu,2026-01-26,9.23,,,,,Feasible
HHN-LON-02,Icu,2026-01-27,9.19,,,,,Feasible
HHN-LON-02,Icu,2026-01-28,9.19,,,,,Feasible
HHN-LON-02,Icu,2026-01-29,9.14,,,,,Feasible
HHN-LON-02,Icu,2026-01-30,9.14,,,,,Feasible
HHN-LON-02,Oncology Ward,2026-01-01,22.61,29.0,29.0,Yes,1.0,Feasible
HHN-LON-02,Oncology Ward,2026-01-02,22.1,29.0,29.0,Yes,1.0,Feasible
HHN-LON-02,Oncology Ward,2026-01-03,22.94,29.0,29.0,Yes,1.0,Feasible
HHN-LON-02,Oncology Ward,2026-01-04,21.06,29.0,29.0,Yes,1.0,Feasible
HHN-LON-02,Oncology Ward,2026-01-05,19.67,29.0,29.0,Yes,1.0,Feasible
HHN-LON-02,Oncology Ward,2026-01-06,17.95,29.0,29.0,Yes,1.0,Feasible
HHN-LON-02,Oncology Ward,2026-01-07,18.01,29.0,29.0,Yes,1.0,Feasible
HHN-LON-02,Oncology Ward,2026-01-08,18.7,29.0,29.0,Yes,1.0,Feasible
HHN-LON-02,Oncology Ward,2026-01-09,18.76,29.0,29.0,Yes,1.0,Feasible
HHN-LON-02,Oncology Ward,2026-01-10,18.72,29.0,29.0,Yes,1.0,Feasible
HHN-LON-02,Oncology Ward,2026-01-11,19.0,29.0,29.0,Yes,1.0,Feasible
HHN-LON-02,Oncology Ward,2026-01-12,18.32,29.0,29.0,Yes,1.0,Feasible
HHN-LON-02,Oncology Ward,2026-01-13,18.72,29.0,29.0,Yes,1.0,Feasible
HHN-LON-02,Oncology Ward,2026-01-14,19.31,29.0,29.0,Yes,1.0,Feasible
HHN-LON-02,Oncology Ward,2026-01-15,20.05,29.0,29.0,Yes,1.0,Feasible
HHN-LON-02,Oncology Ward,2026-01-16,20.66,29.0,29.0,Yes,1.0,Feasible
HHN-LON-02,Oncology Ward,2026-01-17,20.0,29.0,29.0,Yes,1.0,Feasible
HHN-LON-02,Oncology Ward,2026-01-18,19.51,29.0,29.0,Yes,1.0,Feasible
HHN-LON-02,Oncology Ward,2026-01-19,17.95,29.0,29.0,Yes,1.0,Feasible
HHN-LON-02,Oncology Ward,2026-01-20,17.56,29.0,29.0,Yes,1.0,Feasible
HHN-LON-02,Oncology Ward,2026-01-21,18.43,29.0,29.0,Yes,1.0,Feasible
HHN-LON-02,Oncology Ward,2026-01-22,18.87,29.0,29.0,Yes,1.0,Feasible
HHN-LON-02,Oncology Ward,2026-01-23,19.59,29.0,29.0,Yes,1.0,Feasible
HHN-LON-02,Oncology Ward,2026-01-24,20.17,29.0,29.0,Yes,1.0,Feasible
HHN-LON-02,Oncology Ward,2026-01-25,20.04,29.0,29.0,Yes,1.0,Feasible
HHN-LON-02,Oncology Ward,2026-01-26,19.27,29.0,29.0,Yes,1.0,Feasible
HHN-LON-02,Oncology Ward,2026-01-27,19.06,29.0,29.0,Yes,1.0,Feasible
HHN-LON-02,Oncology Ward,2026-01-28,19.33,29.0,29.0,Yes,1.0,Feasible
HHN-LON-02,Oncology Ward,2026-01-29,19.14,29.0,29.0,Yes,1.0,Feasible
HHN-LON-02,Oncology Ward,2026-01-30,19.23,29.0,29.0,Yes,1.0,Feasible
HHN-LON-02,Orthopaedics Ward A,2026-01-01,12.0,5.0,5.0,Yes,1.0,Feasible
HHN-LON-02,Orthopaedics Ward A,2026-01-02,10.03,5.0,5.0,Yes,1.0,Feasible
HHN-LON-02,Orthopaedics Ward A,2026-01-03,10.26,5.0,5.0,Yes,1.0,Feasible
HHN-LON-02,Orthopaedics Ward A,2026-01-04,10.52,5.0,5.0,Yes,1.0,Feasible
HHN-LON-02,Orthopaedics Ward A,2026-01-05,11.28,5.0,5.0,Yes,1.0,Feasible
HHN-LON-02,Orthopaedics Ward A,2026-01-06,11.07,5.0,5.0,Yes,1.0,Feasible
HHN-LON-02,Orthopaedics Ward A,2026-01-07,11.82,5.0,5.0,Yes,1.0,Feasible
HHN-LON-02,Orthopaedics Ward A,2026-01-08,11.25,5.0,5.0,Yes,1.0,Feasible
HHN-LON-02,Orthopaedics Ward A,2026-01-09,10.87,5.0,5.0,Yes,1.0,Feasible
HHN-LON-02,Orthopaedics Ward A,2026-01-10,10.02,5.0,5.0,Yes,1.0,Feasible
HHN-LON-02,Orthopaedics Ward A,2026-01-11,10.26,5.0,5.0,Yes,1.0,Feasible
HHN-LON-02,Orthopaedics Ward A,2026-01-12,11.36,5.0,5.0,Yes,1.0,Feasible
HHN-LON-02,Orthopaedics Ward A,2026-01-13,11.3,5.0,5.0,Yes,1.0,Feasible
HHN-LON-02,Orthopaedics Ward A,2026-01-14,11.31,5.0,5.0,Yes,1.0,Feasible
HHN-LON-02,Orthopaedics Ward A,2026-01-15,11.23,5.0,5.0,Yes,1.0,Feasible
HHN-LON-02,Orthopaedics Ward A,2026-01-16,10.87,5.0,5.0,Yes,1.0,Feasible
HHN-LON-02,Orthopaedics Ward A,2026-01-17,10.23,5.0,5.0,Yes,1.0,Feasible
HHN-LON-02,Orthopaedics Ward A,2026-01-18,10.26,5.0,5.0,Yes,1.0,Feasible
HHN-LON-02,Orthopaedics Ward A,2026-01-19,11.36,5.0,5.0,Yes,1.0,Feasible
HHN-LON-02,Orthopaedics Ward A,2026-01-20,11.3,5.0,5.0,Yes,1.0,Feasible
HHN-LON-02,Orthopaedics Ward A,2026-01-21,11.31,5.0,5.0,Yes,1.0,Feasible
HHN-LON-02,Orthopaedics Ward A,2026-01-22,11.23,5.0,5.0,Yes,1.0,Feasible
HHN-LON-02,Orthopaedics Ward A,2026-01-23,10.87,5.0,5.0,Yes,1.0,Feasible
HHN-LON-02,Orthopaedics Ward A,2026-01-24,10.23,5.0,5.0,Yes,1.0,Feasible
HHN-LON-02,Orthopaedics Ward A,2026-01-25,10.26,5.0,5.0,Yes,1.0,Feasible
HHN-LON-02,Orthopaedics Ward A,2026-01-26,11.36,5.0,5.0,Yes,1.0,Feasible
HHN-LON-02,Orthopaedics Ward A,2026-01-27,11.3,5.0,5.0,Yes,1.0,Feasible
HHN-LON-02,Orthopaedics Ward A,2026-01-28,11.31,5.0,5.0,Yes,1.0,Feasible
HHN-LON-02,Orthopaedics Ward A,2026-01-29,11.23,5.0,5.0,Yes,1.0,Feasible
HHN-LON-02,Orthopaedics Ward A,2026-01-30,10.87,5.0,5.0,Yes,1.0,Feasible
HHN-LON-02,Orthopaedics Ward B,2026-01-01,11.76,5.0,5.0,Yes,1.0,Feasible
HHN-LON-02,Orthopaedics Ward B,2026-01-02,11.55,5.0,5.0,Yes,1.0,Feasible
HHN-LON-02,Orthopaedics Ward B,2026-01-03,11.87,5.0,5.0,Yes,1.0,Feasible
HHN-LON-02,Orthopaedics Ward B,2026-01-04,11.78,5.0,5.0,Yes,1.0,Feasible
HHN-LON-02,Orthopaedics Ward B,2026-01-05,11.75,5.0,5.0,Yes,1.0,Feasible
HHN-LON-02,Orthopaedics Ward B,2026-01-06,11.84,5.0,5.0,Yes,1.0,Feasible
HHN-LON-02,Orthopaedics Ward B,2026-01-07,11.78,5.0,5.0,Yes,1.0,Feasible
HHN-LON-02,Orthopaedics Ward B,2026-01-08,11.75,5.0,5.0,Yes,1.0,Feasible
HHN-LON-02,Orthopaedics Ward B,2026-01-09,11.75,5.0,5.0,Yes,1.0,Feasible
HHN-LON-02,Orthopaedics Ward B,2026-01-10,11.71,5.0,5.0,Yes,1.0,Feasible
HHN-LON-02,Orthopaedics Ward B,2026-01-11,11.63,5.0,5.0,Yes,1.0,Feasible
HHN-LON-02,Orthopaedics Ward B,2026-01-12,11.74,5.0,5.0,Yes,1.0,Feasible
HHN-LON-02,Orthopaedics Ward B,2026-01-13,11.8,5.0,5.0,Yes,1.0,Feasible
HHN-LON-02,Orthopaedics Ward B,2026-01-14,11.81,5.0,5.0,Yes,1.0,Feasible
HHN-LON-02,Orthopaedics Ward B,2026-01-15,11.75,5.0,5.0,Yes,1.0,Feasible
HHN-LON-02,Orthopaedics Ward B,2026-01-16,11.75,5.0,5.0,Yes,1.0,Feasible
HHN-LON-02,Orthopaedics Ward B,2026-01-17,11.71,5.0,5.0,Yes,1.0,Feasible
HHN-LON-02,Orthopaedics Ward B,2026-01-18,11.63,5.0,5.0,Yes,1.0,Feasible
HHN-LON-02,Orthopaedics Ward B,2026-01-19,11.74,5.0,5.0,Yes,1.0,Feasible
HHN-LON-02,Orthopaedics Ward B,2026-01-20,11.8,5.0,5.0,Yes,1.0,Feasible
HHN-LON-02,Orthopaedics Ward B,2026-01-21,11.81,5.0,5.0,Yes,1.0,Feasible
HHN-LON-02,Orthopaedics Ward B,2026-01-22,11.75,5.0,5.0,Yes,1.0,Feasible
HHN-LON-02,Orthopaedics Ward B,2026-01-23,11.75,5.0,5.0,Yes,1.0,Feasible
HHN-LON-02,Orthopaedics Ward B,2026-01-24,11.71,5.0,5.0,Yes,1.0,Feasible
HHN-LON-02,Orthopaedics Ward B,2026-01-25,11.63,5.0,5.0,Yes,1.0,Feasible
HHN-LON-02,Orthopaedics Ward B,2026-01-26,11.74,5.0,5.0,Yes,1.0,Feasible
HHN-LON-02,Orthopaedics Ward B,2026-01-27,11.8,5.0,5.0,Yes,1.0,Feasible
HHN-LON-02,Orthopaedics Ward B,2026-01-28,11.81,5.0,5.0,Yes,1.0,Feasible
HHN-LON-02,Orthopaedics Ward B,2026-01-29,11.75,5.0,5.0,Yes,1.0,Feasible
HHN-LON-02,Orthopaedics Ward B,2026-01-30,11.75,5.0,5.0,Yes,1.0,Feasible
HHN-MAN-01,Cardiology Ward,2026-01-01,23.5,11.0,11.0,Yes,1.0,Feasible
HHN-MAN-01,Cardiology Ward,2026-01-02,22.6,11.0,11.0,Yes,1.0,Feasible
HHN-MAN-01,Cardiology Ward,2026-01-03,21.11,11.0,11.0,Yes,1.0,Feasible
HHN-MAN-01,Cardiology Ward,2026-01-04,21.01,11.0,11.0,Yes,1.0,Feasible
HHN-MAN-01,Cardiology Ward,2026-01-05,20.75,11.0,11.0,Yes,1.0,Feasible
HHN-MAN-01,Cardiology Ward,2026-01-06,20.62,11.0,11.0,Yes,1.0,Feasible
HHN-MAN-01,Cardiology Ward,2026-01-07,21.18,11.0,11.0,Yes,1.0,Feasible
HHN-MAN-01,Cardiology Ward,2026-01-08,22.13,11.0,11.0,Yes,1.0,Feasible
HHN-MAN-01,Cardiology Ward,2026-01-09,22.04,11.0,11.0,Yes,1.0,Feasible
HHN-MAN-01,Cardiology Ward,2026-01-10,21.18,11.0,11.0,Yes,1.0,Feasible
HHN-MAN-01,Cardiology Ward,2026-01-11,21.17,11.0,11.0,Yes,1.0,Feasible
HHN-MAN-01,Cardiology Ward,2026-01-12,21.28,11.0,11.0,Yes,1.0,Feasible
HHN-MAN-01,Cardiology Ward,2026-01-13,21.55,11.0,11.0,Yes,1.0,Feasible
HHN-MAN-01,Cardiology Ward,2026-01-14,21.69,11.0,11.0,Yes,1.0,Feasible
HHN-MAN-01,Cardiology Ward,2026-01-15,22.26,11.0,11.0,Yes,1.0,Feasible
HHN-MAN-01,Cardiology Ward,2026-01-16,22.18,11.0,11.0,Yes,1.0,Feasible
HHN-MAN-01,Cardiology Ward,2026-01-17,21.29,11.0,11.0,Yes,1.0,Feasible
HHN-MAN-01,Cardiology Ward,2026-01-18,21.27,11.0,11.0,Yes,1.0,Feasible
HHN-MAN-01,Cardiology Ward,2026-01-19,21.44,11.0,11.0,Yes,1.0,Feasible
HHN-MAN-01,Cardiology Ward,2026-01-20,21.68,11.0,11.0,Yes,1.0,Feasible
HHN-MAN-01,Cardiology Ward,2026-01-21,21.69,11.0,11.0,Yes,1.0,Feasible
HHN-MAN-01,Cardiology Ward,2026-01-22,22.26,11.0,11.0,Yes,1.0,Feasible
HHN-MAN-01,Cardiology Ward,2026-01-23,22.18,11.0,11.0,Yes,1.0,Feasible
HHN-MAN-01,Cardiology Ward,2026-01-24,21.29,11.0,11.0,Yes,1.0,Feasible
HHN-MAN-01,Cardiology Ward,2026-01-25,21.27,11.0,11.0,Yes,1.0,Feasible
HHN-MAN-01,Cardiology Ward,2026-01-26,21.44,11.0,11.0,Yes,1.0,Feasible
HHN-MAN-01,Cardiology Ward,2026-01-27,21.68,11.0,11.0,Yes,1.0,Feasible
HHN-MAN-01,Cardiology Ward,2026-01-28,21.69,11.0,11.0,Yes,1.0,Feasible
HHN-MAN-01,Cardiology Ward,2026-01-29,22.26,11.0,11.0,Yes,1.0,Feasible
HHN-MAN-01,Cardiology Ward,2026-01-30,22.18,11.0,11.0,Yes,1.0,Feasible
HHN-MAN-01,Day Case Unit,2026-01-01,0.24,1.0,1.0,Yes,1.0,Feasible
HHN-MAN-01,Day Case Unit,2026-01-02,0.42,1.0,1.0,Yes,1.0,Feasible
HHN-MAN-01,Day Case Unit,2026-01-03,0.15,1.0,1.0,Yes,1.0,Feasible
HHN-MAN-01,Day Case Unit,2026-01-04,0.68,1.0,1.0,Yes,1.0,Feasible
HHN-MAN-01,Day Case Unit,2026-01-05,0.3,1.0,1.0,Yes,1.0,Feasible
HHN-MAN-01,Day Case Unit,2026-01-06,0.58,1.0,1.0,Yes,1.0,Feasible
HHN-MAN-01,Day Case Unit,2026-01-07,0.9,1.0,1.0,Yes,1.0,Feasible
HHN-MAN-01,Day Case Unit,2026-01-08,0.89,1.0,1.0,Yes,1.0,Feasible
HHN-MAN-01,Day Case Unit,2026-01-09,0.91,1.0,1.0,Yes,1.0,Feasible
HHN-MAN-01,Day Case Unit,2026-01-10,0.9,1.0,1.0,Yes,1.0,Feasible
HHN-MAN-01,Day Case Unit,2026-01-11,0.89,1.0,1.0,Yes,1.0,Feasible
HHN-MAN-01,Day Case Unit,2026-01-12,0.85,1.0,1.0,Yes,1.0,Feasible
HHN-MAN-01,Day Case Unit,2026-01-13,0.9,1.0,1.0,Yes,1.0,Feasible
HHN-MAN-01,Day Case Unit,2026-01-14,0.89,1.0,1.0,Yes,1.0,Feasible
HHN-MAN-01,Day Case Unit,2026-01-15,0.88,1.0,1.0,Yes,1.0,Feasible
HHN-MAN-01,Day Case Unit,2026-01-16,0.9,1.0,1.0,Yes,1.0,Feasible
HHN-MAN-01,Day Case Unit,2026-01-17,0.9,1.0,1.0,Yes,1.0,Feasible
HHN-MAN-01,Day Case Unit,2026-01-18,0.89,1.0,1.0,Yes,1.0,Feasible
HHN-MAN-01,Day Case Unit,2026-01-19,0.85,1.0,1.0,Yes,1.0,Feasible
HHN-MAN-01,Day Case Unit,2026-01-20,0.9,1.0,1.0,Yes,1.0,Feasible
HHN-MAN-01,Day Case Unit,2026-01-21,0.89,1.0,1.0,Yes,1.0,Feasible
HHN-MAN-01,Day Case Unit,2026-01-22,0.88,1.0,1.0,Yes,1.0,Feasible
HHN-MAN-01,Day Case Unit,2026-01-23,0.9,1.0,1.0,Yes,1.0,Feasible
HHN-MAN-01,Day Case Unit,2026-01-24,0.9,1.0,1.0,Yes,1.0,Feasible
HHN-MAN-01,Day Case Unit,2026-01-25,0.89,1.0,1.0,Yes,1.0,Feasible
HHN-MAN-01,Day Case Unit,2026-01-26,0.85,1.0,1.0,Yes,1.0,Feasible
HHN-MAN-01,Day Case Unit,2026-01-27,0.9,1.0,1.0,Yes,1.0,Feasible
HHN-MAN-01,Day Case Unit,2026-01-28,0.89,1.0,1.0,Yes,1.0,Feasible
HHN-MAN-01,Day Case Unit,2026-01-29,0.88,1.0,1.0,Yes,1.0,Feasible
HHN-MAN-01,Day Case Unit,2026-01-30,0.9,1.0,1.0,Yes,1.0,Feasible
HHN-MAN-01,General Medicine Ward A,2026-01-01,20.39,8.0,6.0,Yes,0.75,High Risk
HHN-MAN-01,General Medicine Ward A,2026-01-02,19.4,8.0,6.0,Yes,0.75,High Risk
HHN-MAN-01,General Medicine Ward A,2026-01-03,19.4,8.0,6.0,Yes,0.75,High Risk
HHN-MAN-01,General Medicine Ward A,2026-01-04,19.54,8.0,6.0,Yes,0.75,High Risk
HHN-MAN-01,General Medicine Ward A,2026-01-05,19.67,8.0,6.0,Yes,0.75,High Risk
HHN-MAN-01,General Medicine Ward A,2026-01-06,18.61,8.0,6.0,Yes,0.75,High Risk
HHN-MAN-01,General Medicine Ward A,2026-01-07,18.11,8.0,6.0,Yes,0.75,High Risk
HHN-MAN-01,General Medicine Ward A,2026-01-08,18.01,8.0,6.0,Yes,0.75,High Risk
HHN-MAN-01,General Medicine Ward A,2026-01-09,18.57,8.0,6.0,Yes,0.75,High Risk
HHN-MAN-01,General Medicine Ward A,2026-01-10,18.64,8.0,6.0,Yes,0.75,High Risk
HHN-MAN-01,General Medicine Ward A,2026-01-11,18.96,8.0,6.0,Yes,0.75,High Risk
HHN-MAN-01,General Medicine Ward A,2026-01-12,19.37,8.0,6.0,Yes,0.75,High Risk
HHN-MAN-01,General Medicine Ward A,2026-01-13,18.72,8.0,6.0,Yes,0.75,High Risk
HHN-MAN-01,General Medicine Ward A,2026-01-14,18.77,8.0,6.0,Yes,0.75,High Risk
HHN-MAN-01,General Medicine Ward A,2026-01-15,18.65,8.0,6.0,Yes,0.75,High Risk
HHN-MAN-01,General Medicine Ward A,2026-01-16,18.67,8.0,6.0,Yes,0.75,High Risk
HHN-MAN-01,General Medicine Ward A,2026-01-17,18.68,8.0,6.0,Yes,0.75,High Risk
HHN-MAN-01,General Medicine Ward A,2026-01-18,18.99,8.0,6.0,Yes,0.75,High Risk
HHN-MAN-01,General Medicine Ward A,2026-01-19,19.18,8.0,6.0,Yes,0.75,High Risk
HHN-MAN-01,General Medicine Ward A,2026-01-20,18.64,8.0,6.0,Yes,0.75,High Risk
HHN-MAN-01,General Medicine Ward A,2026-01-21,18.68,8.0,6.0,Yes,0.75,High Risk
HHN-MAN-01,General Medicine Ward A,2026-01-22,18.65,8.0,6.0,Yes,0.75,High Risk
HHN-MAN-01,General Medicine Ward A,2026-01-23,18.67,8.0,6.0,Yes,0.75,High Risk
HHN-MAN-01,General Medicine Ward A,2026-01-24,18.68,8.0,6.0,Yes,0.75,High Risk
HHN-MAN-01,General Medicine Ward A,2026-01-25,18.99,8.0,6.0,Yes,0.75,High Risk
HHN-MAN-01,General Medicine Ward A,2026-01-26,19.18,8.0,6.0,Yes,0.75,High Risk
HHN-MAN-01,General Medicine Ward A,2026-01-27,18.64,8.0,6.0,Yes,0.75,High Risk
HHN-MAN-01,General Medicine Ward A,2026-01-28,18.68,8.0,6.0,Yes,0.75,High Risk
HHN-MAN-01,General Medicine Ward A,2026-01-29,18.65,8.0,6.0,Yes,0.75,High Risk
HHN-MAN-01,General Medicine Ward A,2026-01-30,18.67,8.0,6.0,Yes,0.75,High Risk
HHN-MAN-01,General Medicine Ward B,2026-01-01,20.87,8.0,7.0,Yes,0.875,High Risk
HHN-MAN-01,General Medicine Ward B,2026-01-02,20.28,8.0,7.0,Yes,0.875,High Risk
HHN-MAN-01,General Medicine Ward B,2026-01-03,20.12,8.0,7.0,Yes,0.875,High Risk
HHN-MAN-01,General Medicine Ward B,2026-01-04,20.62,8.0,7.0,Yes,0.875,High Risk
HHN-MAN-01,General Medicine Ward B,2026-01-05,19.83,8.0,7.0,Yes,0.875,High Risk
HHN-MAN-01,General Medicine Ward B,2026-01-06,19.42,8.0,7.0,Yes,0.875,High Risk
HHN-MAN-01,General Medicine Ward B,2026-01-07,20.03,8.0,7.0,Yes,0.875,High Risk
HHN-MAN-01,General Medicine Ward B,2026-01-08,20.48,8.0,7.0,Yes,0.875,High Risk
HHN-MAN-01,General Medicine Ward B,2026-01-09,20.49,8.0,7.0,Yes,0.875,High Risk
HHN-MAN-01,General Medicine Ward B,2026-01-10,20.49,8.0,7.0,Yes,0.875,High Risk
HHN-MAN-01,General Medicine Ward B,2026-01-11,20.57,8.0,7.0,Yes,0.875,High Risk
HHN-MAN-01,General Medicine Ward B,2026-01-12,20.57,8.0,7.0,Yes,0.875,High Risk
HHN-MAN-01,General Medicine Ward B,2026-01-13,20.52,8.0,7.0,Yes,0.875,High Risk
HHN-MAN-01,General Medicine Ward B,2026-01-14,20.4,8.0,7.0,Yes,0.875,High Risk
HHN-MAN-01,General Medicine Ward B,2026-01-15,20.4,8.0,7.0,Yes,0.875,High Risk
HHN-MAN-01,General Medicine Ward B,2026-01-16,20.4,8.0,7.0,Yes,0.875,High Risk
HHN-MAN-01,General Medicine Ward B,2026-01-17,20.4,8.0,7.0,Yes,0.875,High Risk
HHN-MAN-01,General Medicine Ward B,2026-01-18,20.59,8.0,7.0,Yes,0.875,High Risk
HHN-MAN-01,General Medicine Ward B,2026-01-19,20.48,8.0,7.0,Yes,0.875,High Risk
HHN-MAN-01,General Medicine Ward B,2026-01-20,20.41,8.0,7.0,Yes,0.875,High Risk
HHN-MAN-01,General Medicine Ward B,2026-01-21,20.4,8.0,7.0,Yes,0.875,High Risk
HHN-MAN-01,General Medicine Ward B,2026-01-22,20.4,8.0,7.0,Yes,0.875,High Risk
HHN-MAN-01,General Medicine Ward B,2026-01-23,20.4,8.0,7.0,Yes,0.875,High Risk
HHN-MAN-01,General Medicine Ward B,2026-01-24,20.4,8.0,7.0,Yes,0.875,High Risk
HHN-MAN-01,General Medicine Ward B,2026-01-25,20.59,8.0,7.0,Yes,0.875,High Risk
HHN-MAN-01,General Medicine Ward B,2026-01-26,20.48,8.0,7.0,Yes,0.875,High Risk
HHN-MAN-01,General Medicine Ward B,2026-01-27,20.41,8.0,7.0,Yes,0.875,High Risk
HHN-MAN-01,General Medicine Ward B,2026-01-28,20.4,8.0,7.0,Yes,0.875,High Risk
HHN-MAN-01,General Medicine Ward B,2026-01-29,20.4,8.0,7.0,Yes,0.875,High Risk
HHN-MAN-01,General Medicine Ward B,2026-01-30,20.4,8.0,7.0,Yes,0.875,High Risk
HHN-MAN-01,Icu,2026-01-01,8.89,,,,,Feasible
HHN-MAN-01,Icu,2026-01-02,8.79,,,,,Feasible
HHN-MAN-01,Icu,2026-01-03,8.77,,,,,Feasible
HHN-MAN-01,Icu,2026-01-04,8.82,,,,,Feasible
HHN-MAN-01,Icu,2026-01-05,9.15,,,,,Feasible
HHN-MAN-01,Icu,2026-01-06,9.22,,,,,Feasible
HHN-MAN-01,Icu,2026-01-07,9.26,,,,,Feasible
HHN-MAN-01,Icu,2026-01-08,9.39,,,,,Feasible
HHN-MAN-01,Icu,2026-01-09,9.26,,,,,Feasible
HHN-MAN-01,Icu,2026-01-10,9.26,,,,,Feasible
HHN-MAN-01,Icu,2026-01-11,9.25,,,,,Feasible
HHN-MAN-01,Icu,2026-01-12,9.31,,,,,Feasible
HHN-MAN-01,Icu,2026-01-13,9.25,,,,,Feasible
HHN-MAN-01,Icu,2026-01-14,9.21,,,,,Feasible
HHN-MAN-01,Icu,2026-01-15,9.18,,,,,Feasible
HHN-MAN-01,Icu,2026-01-16,9.1,,,,,Feasible
HHN-MAN-01,Icu,2026-01-17,9.09,,,,,Feasible
HHN-MAN-01,Icu,2026-01-18,9.09,,,,,Feasible
HHN-MAN-01,Icu,2026-01-19,9.31,,,,,Feasible
HHN-MAN-01,Icu,2026-01-20,9.25,,,,,Feasible
HHN-MAN-01,Icu,2026-01-21,9.21,,,,,Feasible
HHN-MAN-01,Icu,2026-01-22,9.18,,,,,Feasible
HHN-MAN-01,Icu,2026-01-23,9.1,,,,,Feasible
HHN-MAN-01,Icu,2026-01-24,9.09,,,,,Feasible
HHN-MAN-01,Icu,2026-01-25,9.09,,,,,Feasible
HHN-MAN-01,Icu,2026-01-26,9.31,,,,,Feasible
HHN-MAN-01,Icu,2026-01-27,9.25,,,,,Feasible
HHN-MAN-01,Icu,2026-01-28,9.21,,,,,Feasible
HHN-MAN-01,Icu,2026-01-29,9.18,,,,,Feasible
HHN-MAN-01,Icu,2026-01-30,9.1,,,,,Feasible
HHN-MAN-01,Oncology Ward,2026-01-01,19.55,10.0,10.0,Yes,1.0,Feasible
HHN-MAN-01,Oncology Ward,2026-01-02,19.04,10.0,10.0,Yes,1.0,Feasible
HHN-MAN-01,Oncology Ward,2026-01-03,19.59,10.0,10.0,Yes,1.0,Feasible
HHN-MAN-01,Oncology Ward,2026-01-04,18.97,10.0,10.0,Yes,1.0,Feasible
HHN-MAN-01,Oncology Ward,2026-01-05,16.72,10.0,10.0,Yes,1.0,Feasible
HHN-MAN-01,Oncology Ward,2026-01-06,15.98,10.0,10.0,Yes,1.0,Feasible
HHN-MAN-01,Oncology Ward,2026-01-07,16.67,10.0,10.0,Yes,1.0,Feasible
HHN-MAN-01,Oncology Ward,2026-01-08,16.7,10.0,10.0,Yes,1.0,Feasible
HHN-MAN-01,Oncology Ward,2026-01-09,16.41,10.0,10.0,Yes,1.0,Feasible
HHN-MAN-01,Oncology Ward,2026-01-10,16.59,10.0,10.0,Yes,1.0,Feasible
HHN-MAN-01,Oncology Ward,2026-01-11,16.91,10.0,10.0,Yes,1.0,Feasible
HHN-MAN-01,Oncology Ward,2026-01-12,15.4,10.0,10.0,Yes,1.0,Feasible
HHN-MAN-01,Oncology Ward,2026-01-13,15.77,10.0,10.0,Yes,1.0,Feasible
HHN-MAN-01,Oncology Ward,2026-01-14,16.2,10.0,10.0,Yes,1.0,Feasible
HHN-MAN-01,Oncology Ward,2026-01-15,16.14,10.0,10.0,Yes,1.0,Feasible
HHN-MAN-01,Oncology Ward,2026-01-16,16.16,10.0,10.0,Yes,1.0,Feasible
HHN-MAN-01,Oncology Ward,2026-01-17,16.16,10.0,10.0,Yes,1.0,Feasible
HHN-MAN-01,Oncology Ward,2026-01-18,15.97,10.0,10.0,Yes,1.0,Feasible
HHN-MAN-01,Oncology Ward,2026-01-19,15.34,10.0,10.0,Yes,1.0,Feasible
HHN-MAN-01,Oncology Ward,2026-01-20,15.69,10.0,10.0,Yes,1.0,Feasible
HHN-MAN-01,Oncology Ward,2026-01-21,16.16,10.0,10.0,Yes,1.0,Feasible
HHN-MAN-01,Oncology Ward,2026-01-22,16.1,10.0,10.0,Yes,1.0,Feasible
HHN-MAN-01,Oncology Ward,2026-01-23,16.1,10.0,10.0,Yes,1.0,Feasible
HHN-MAN-01,Oncology Ward,2026-01-24,16.1,10.0,10.0,Yes,1.0,Feasible
HHN-MAN-01,Oncology Ward,2026-01-25,15.46,10.0,10.0,Yes,1.0,Feasible
HHN-MAN-01,Oncology Ward,2026-01-26,15.44,10.0,10.0,Yes,1.0,Feasible
HHN-MAN-01,Oncology Ward,2026-01-27,15.69,10.0,10.0,Yes,1.0,Feasible
HHN-MAN-01,Oncology Ward,2026-01-28,16.16,10.0,10.0,Yes,1.0,Feasible
HHN-MAN-01,Oncology Ward,2026-01-29,16.1,10.0,10.0,Yes,1.0,Feasible
HHN-MAN-01,Oncology Ward,2026-01-30,16.1,10.0,10.0,Yes,1.0,Feasible
HHN-MAN-01,Orthopaedics Ward A,2026-01-01,15.44,13.0,10.0,No,0.7692307692307693,High Risk
HHN-MAN-01,Orthopaedics Ward A,2026-01-02,15.98,13.0,10.0,No,0.7692307692307693,High Risk
HHN-MAN-01,Orthopaedics Ward A,2026-01-03,16.01,13.0,10.0,No,0.7692307692307693,High Risk
HHN-MAN-01,Orthopaedics Ward A,2026-01-04,16.83,13.0,10.0,No,0.7692307692307693,High Risk
HHN-MAN-01,Orthopaedics Ward A,2026-01-05,15.96,13.0,10.0,No,0.7692307692307693,High Risk
HHN-MAN-01,Orthopaedics Ward A,2026-01-06,15.51,13.0,10.0,No,0.7692307692307693,High Risk
HHN-MAN-01,Orthopaedics Ward A,2026-01-07,15.97,13.0,10.0,No,0.7692307692307693,High Risk
HHN-MAN-01,Orthopaedics Ward A,2026-01-08,16.01,13.0,10.0,No,0.7692307692307693,High Risk
HHN-MAN-01,Orthopaedics Ward A,2026-01-09,16.81,13.0,10.0,No,0.7692307692307693,High Risk
HHN-MAN-01,Orthopaedics Ward A,2026-01-10,16.83,13.0,10.0,No,0.7692307692307693,High Risk
HHN-MAN-01,Orthopaedics Ward A,2026-01-11,16.58,13.0,10.0,No,0.7692307692307693,High Risk
HHN-MAN-01,Orthopaedics Ward A,2026-01-12,15.42,13.0,10.0,No,0.7692307692307693,High Risk
HHN-MAN-01,Orthopaedics Ward A,2026-01-13,15.53,13.0,10.0,No,0.7692307692307693,High Risk
HHN-MAN-01,Orthopaedics Ward A,2026-01-14,15.56,13.0,10.0,No,0.7692307692307693,High Risk
HHN-MAN-01,Orthopaedics Ward A,2026-01-15,15.82,13.0,10.0,No,0.7692307692307693,High Risk
HHN-MAN-01,Orthopaedics Ward A,2026-01-16,15.77,13.0,10.0,No,0.7692307692307693,High Risk
HHN-MAN-01,Orthopaedics Ward A,2026-01-17,16.01,13.0,10.0,No,0.7692307692307693,High Risk
HHN-MAN-01,Orthopaedics Ward A,2026-01-18,16.62,13.0,10.0,No,0.7692307692307693,High Risk
HHN-MAN-01,Orthopaedics Ward A,2026-01-19,15.46,13.0,10.0,No,0.7692307692307693,High Risk
HHN-MAN-01,Orthopaedics Ward A,2026-01-20,15.94,13.0,10.0,No,0.7692307692307693,High Risk
HHN-MAN-01,Orthopaedics Ward A,2026-01-21,15.97,13.0,10.0,No,0.7692307692307693,High Risk
HHN-MAN-01,Orthopaedics Ward A,2026-01-22,16.01,13.0,10.0,No,0.7692307692307693,High Risk
HHN-MAN-01,Orthopaedics Ward A,2026-01-23,16.82,13.0,10.0,No,0.7692307692307693,High Risk
HHN-MAN-01,Orthopaedics Ward A,2026-01-24,16.86,13.0,10.0,No,0.7692307692307693,High Risk
HHN-MAN-01,Orthopaedics Ward A,2026-01-25,16.58,13.0,10.0,No,0.7692307692307693,High Risk
HHN-MAN-01,Orthopaedics Ward A,2026-01-26,15.42,13.0,10.0,No,0.7692307692307693,High Risk
HHN-MAN-01,Orthopaedics Ward A,2026-01-27,15.53,13.0,10.0,No,0.7692307692307693,High Risk
HHN-MAN-01,Orthopaedics Ward A,2026-01-28,15.56,13.0,10.0,No,0.7692307692307693,High Risk
HHN-MAN-01,Orthopaedics Ward A,2026-01-29,15.82,13.0,10.0,No,0.7692307692307693,High Risk
HHN-MAN-01,Orthopaedics Ward A,2026-01-30,15.77,13.0,10.0,No,0.7692307692307693,High Risk
HHN-MAN-01,Orthopaedics Ward B,2026-01-01,20.19,13.0,13.0,Yes,1.0,Feasible
HHN-MAN-01,Orthopaedics Ward B,2026-01-02,18.09,13.0,13.0,Yes,1.0,Feasible
HHN-MAN-01,Orthopaedics Ward B,2026-01-03,16.62,13.0,13.0,Yes,1.0,Feasible
HHN-MAN-01,Orthopaedics Ward B,2026-01-04,14.51,13.0,13.0,Yes,1.0,Feasible
HHN-MAN-01,Orthopaedics Ward B,2026-01-05,14.33,13.0,13.0,Yes,1.0,Feasible
HHN-MAN-01,Orthopaedics Ward B,2026-01-06,15.27,13.0,13.0,Yes,1.0,Feasible
HHN-MAN-01,Orthopaedics Ward B,2026-01-07,15.86,13.0,13.0,Yes,1.0,Feasible
HHN-MAN-01,Orthopaedics Ward B,2026-01-08,16.1,13.0,13.0,Yes,1.0,Feasible
HHN-MAN-01,Orthopaedics Ward B,2026-01-09,15.42,13.0,13.0,Yes,1.0,Feasible
HHN-MAN-01,Orthopaedics Ward B,2026-01-10,15.6,13.0,13.0,Yes,1.0,Feasible
HHN-MAN-01,Orthopaedics Ward B,2026-01-11,16.27,13.0,13.0,Yes,1.0,Feasible
HHN-MAN-01,Orthopaedics Ward B,2026-01-12,15.69,13.0,13.0,Yes,1.0,Feasible
HHN-MAN-01,Orthopaedics Ward B,2026-01-13,15.05,13.0,13.0,Yes,1.0,Feasible
HHN-MAN-01,Orthopaedics Ward B,2026-01-14,15.42,13.0,13.0,Yes,1.0,Feasible
HHN-MAN-01,Orthopaedics Ward B,2026-01-15,16.09,13.0,13.0,Yes,1.0,Feasible
HHN-MAN-01,Orthopaedics Ward B,2026-01-16,14.18,13.0,13.0,Yes,1.0,Feasible
HHN-MAN-01,Orthopaedics Ward B,2026-01-17,14.88,13.0,13.0,Yes,1.0,Feasible
HHN-MAN-01,Orthopaedics Ward B,2026-01-18,15.75,13.0,13.0,Yes,1.0,Feasible
HHN-MAN-01,Orthopaedics Ward B,2026-01-19,15.91,13.0,13.0,Yes,1.0,Feasible
HHN-MAN-01,Orthopaedics Ward B,2026-01-20,16.7,13.0,13.0,Yes,1.0,Feasible
HHN-MAN-01,Orthopaedics Ward B,2026-01-21,16.8,13.0,13.0,Yes,1.0,Feasible
HHN-MAN-01,Orthopaedics Ward B,2026-01-22,15.85,13.0,13.0,Yes,1.0,Feasible
HHN-MAN-01,Orthopaedics Ward B,2026-01-23,14.14,13.0,13.0,Yes,1.0,Feasible
HHN-MAN-01,Orthopaedics Ward B,2026-01-24,13.55,13.0,13.0,Yes,1.0,Feasible
HHN-MAN-01,Orthopaedics Ward B,2026-01-25,16.32,13.0,13.0,Yes,1.0,Feasible
HHN-MAN-01,Orthopaedics Ward B,2026-01-26,15.98,13.0,13.0,Yes,1.0,Feasible
HHN-MAN-01,Orthopaedics Ward B,2026-01-27,17.41,13.0,13.0,Yes,1.0,Feasible
HHN-MAN-01,Orthopaedics Ward B,2026-01-28,17.73,13.0,13.0,Yes,1.0,Feasible
HHN-MAN-01,Orthopaedics Ward B,2026-01-29,16.47,13.0,13.0,Yes,1.0,Feasible
HHN-MAN-01,Orthopaedics Ward B,2026-01-30,14.41,13.0,13.0,Yes,1.0,Feasible
